Workbook

Sheet notification
A1: notification_no | B1: notification_type | C1: notification_date | D1: maintenance_plant | E1: target_date | F1: maint_work_centre | G1: reported_by | H1: work_order_no | I1: assigned_to | J1: parent_work_order_no | K1: system_status | L1: user_status | M1: functional_location | N1: location | O1: superior_equipment | P1: equipment | Q1: coding | R1: work_request | S1: description | T1: tasks | U1: staff_details | V1: comments | W1: object_part_items | X1: cause_items | Y1: activity_items | Z1: date_closed | AA1: supervisor_verification | AB1: filename
A2: 11895192 | B2: M7 | C2: 11/01/2022 | D2: 0805 | E2: 17/01/2022 | F2: WS10 | G2: IP1020220111 | H2: 4000444211 | K2: NOPR ORAS | L2: REQ | M2: PRAL-MRL-WS-STN-MRLTSA Station Titiwangsa | N2: WES Wayside Department | Q2: MRWSU001 1003 | R2: PM Inspection for Titiwangsa | S2: PM Inspection for Titiwangsa | T2: [] | U2: [] | V2: Pm complete | W2: [] | X2: [] | Y2: [] | Z2: 17/01/20222 | AA2: 7091 | AB2: PS_PM_WEK_StationInspection_4000444211.pdf
A3: 11893905 | B3: M7 | C3: 06/01/2022 | D3: 0805 | E3: 12/01/2022 | F3: WS10 | G3: IP1020220106 | H3: 4000443612 | K3: NOPR ORAS | L3: REQ | M3: PRAL-MRL-WS-STN-MRLBNG Station Bukit Bintang | N3: WES Wayside Department | Q3: MRWSU001 1003 | R3: PM Inspection for Bukit Bintang Station | S3: PM Inspection for Bukit Bintang Station | T3: [] | U3: [{'staff_id': '', 'name': 'AT MS', 'plan_start_date_time': '', 'plan_end_date_time': '', 'total_hours': ''}] | V3: PM Complete | W3: [] | X3: [] | Y3: [] | Z3: 12/01/2022 | AA3: 7099 | AB3: PS_PM_WEK_StationInspection_4000443612.pdf
A4: 11900696 | B4: M7 | C4: 28/01/2022 | D4: 0805 | E4: 03/02/2022 | F4: WS10 | G4: IP1020220128 | H4: 4000448495 | K4: NOPR ORAS | L4: REQ | M4: PRAL-MRL-WS-STN-MRLIBI Station Imbi | N4: WES Wayside Department | Q4: MRWSU001 1003 | R4: PM Inspection for Imbi Station | S4: PM Inspection for Imbi Station | T4: [] | U4: [] | V4: pm complete | W4: [] | X4: [] | Y4: [] | Z4: 03/02/2022 | AA4: 7013 | AB4: PS_PM_WEK_StationInspection_4000448495.pdf
A5: 12407769 | B5: M7 | C5: 13/02/2025 | D5: 0805 | E5: 20/02/2025 | F5: WS10 | G5: IP1020250213 | H5: 4000657499 | K5: NOPR NOPT ORAS OSTS | L5: CLS ACK | M5: PRAL-MRL-WS-STN-MRLHAH Station Hang Tuah | N5: WES Wayside Department | Q5: MRWSU001 1006 Inspection - 3 Months Interval | R5: PM Inspection for Hang Tuah Station | S5: - PM COMPLETE | T5: [{'task': '0001', 'description': '1001'}] | U5: [{'staff_id': '10019924', 'name': 'AHMAD JURIJ BIN AMIRUDIN', 'plan_start_date_time': '00:00:00', 'plan_end_date_time': '00:00:00', 'total_hours': ''}] | W5: [{'item': '0001', 'object_part': 'Station Power Supply', 'damage': ''}] | X5: [{'item': '0001', 'cause': 'Scheduled maintenance'}] | Y5: [{'item': '0001', 'activity': 'Check/Inspect -'}] | Z5: 20/02/2025 | AA5: 19924 | AB5: PS_PM_QTR_StationInspection_4000657499.pdf
A6: 12398339 | B6: M7 | C6: 23/01/2025 | D6: 0805 | E6: 30/01/2025 | F6: WS10 | G6: IP1020250123 | H6: 4000654182 | K6: NOPR NOPT ORAS OSTS | L6: CLS ACK | M6: PRAL-MRL-WS-STN-MRLHAH Station Hang Tuah | N6: WES Wayside Department | Q6: MRWSU001 1006 Inspection - 3 Months Interval | R6: PM Inspection for Hang Tuah Station | S6: PM COMPLETE | T6: [{'task': '0001', 'description': '1001'}] | U6: [{'staff_id': '10019234', 'name': 'MOHAMAD NORIEZUWADI BIN ZUL', 'plan_start_date_time': '00:00:00', 'plan_end_date_time': '00:00:00', 'total_hours': ''}] | V6: pm complete | W6: [{'item': '0001', 'object_part': 'Building Power Supply', 'damage': ''}] | X6: [{'item': '0001', 'cause': 'Scheduled maintenance'}] | Y6: [{'item': '0001', 'activity': 'Check / Inspect -'}] | Z6: 30/01/2025 | AA6: 19234 | AB6: PS_PM_QTR_StationInspection_4000654182.pdf
A7: 12407193 | B7: M7 | C7: 11/02/2025 | D7: 0805 | E7: 18/02/2025 | F7: WS10 | G7: IP1020250211 | H7: 4000657494 | K7: NOPR NOPT ORAS OSTS | L7: CLS ACK | M7: PRAL-MRL-WS-STN-MRLBAS Station Bukit Nanas | N7: WES Wayside Department | Q7: MRWSU001 1006 Inspection - 3 Months Interval | R7: PM Inspection for Bukit Nanas Station | S7: - PM COMPLETE | T7: [{'task': '0001', 'description': '1001'}] | U7: [{'staff_id': '10019924', 'name': 'AHMAD JURIJ BIN AMIRUDIN', 'plan_start_date_time': '00:00:00', 'plan_end_date_time': '00:00:00', 'total_hours': ''}] | V7: Pm Complete | W7: [{'item': '0001', 'object_part': 'Station Power Supply', 'damage': ''}] | X7: [{'item': '0001', 'cause': 'Scheduled maintenance', 'NA': ''}] | Y7: [{'item': '0001', 'activity': 'Check / Inspect -', 'NA': ''}] | Z7: 19/3/25 | AA7: 7114 | AB7: PS_PM_QTR_StationInspection_4000657494.pdf
A8: 12407194 | B8: M7 | C8: 11/02/2025 | D8: 0805 | E8: 18/02/2025 | F8: WS10 | G8: IP1020250211 | H8: 4000657493 | I8: NOPR NOPT ORAS OSTS | L8: CLS ACK | M8: PRAL-MRL-WS-STN-MRLMKU Station Medan Tuanku | N8: WES Wayside Department | Q8: MRWSU001 1006 Inspection - 3 Months Interval | R8: PM Inspection for Medan Tuanku Station | S8: - PM COMPLETE | T8: [{'task': '0001', 'description': '1001'}] | U8: [{'staff_id': '10019924', 'name': 'AHMAD JURIJ BIN AMIRUDIN', 'plan_start_date_time': '00:00:00', 'plan_end_date_time': '00:00:00', 'total_hours': ''}] | V8: Pm Complete | W8: [{'item': '0001', 'object_part': 'Station Power Supply', 'damage': ''}] | X8: [{'item': '0001', 'cause': 'Scheduled maintenance'}] | Y8: [{'item': '0001', 'activity': 'Check / Inspect -'}] | Z8: 18/02/2025 | AA8: 7114 | AB8: PS_PM_QTR_StationInspection_4000657493.pdf
A9: 12407770 | B9: M7 | C9: 13/02/2025 | D9: 0805 | E9: 20/02/2025 | F9: WS10 | G9: IP1020250213 | H9: 4000657498 | K9: NOPR NOPT ORAS OSTS | L9: CLS ACK | M9: PRAL-MRL-WS-STN-MRLIBI Station Imbi | N9: WES Wayside Department | Q9: MRWSU001 1006 Inspection - 3 Months Interval | R9: PM Inspection for Imbi Station | S9: - PM COMPLETE | T9: [{'task': '0001', 'description': '1001'}] | U9: [{'staff_id': '10019924', 'name': 'AHMAD JURIJ BIN AMIRUDIN', 'plan_start_date_time': '00:00:00', 'plan_end_date_time': '00:00:00', 'total_hours': ''}] | V9: Pm Complete | W9: [{'item': '0001', 'object_part': 'Station Power Supply', 'damage': ''}] | X9: [{'item': '0001', 'cause': 'Scheduled maintenance'}] | Y9: [{'item': '0001', 'activity': 'Check/Inspect -'}] | Z9: 20/02/2025 | AA9: 19924 | AB9: PS_PM_QTR_StationInspection_4000657498.pdf
A10: 12408388 | B10: M7 | C10: 14/02/2025 | D10: 0805 | E10: 21/02/2025 | F10: WS10 | G10: IP1020250214 | H10: 4000657936 | K10: NOPR NOPT ORAS OSTS | L10: CLS ACK | M10: PRAL-MRL-WS-STN-MRLMAH Station Maharajalela | N10: WES Wayside Department | Q10: MRWSU001 1006 Inspection - 3 Months Interval | R10: PM Inspection for Maharaja Lela Station | S10: - PM COMPLETE | T10: [{'task': '0001', 'description': '1001'}] | U10: [{'staff_id': '10011858', 'name': 'NAZRULSHAH BIN MOHAMAD JUBERI', 'plan_start_date_time': '00:00:00', 'plan_end_date_time': '00:00:00', 'total_hours': ''}] | V10: PM Complete | W10: [{'item': '0001', 'object_part': 'Station Power Supply', 'damage': ''}] | X10: [{'item': '0001', 'cause': 'Scheduled maintenance'}] | Y10: [{'item': '0001', 'activity': 'Check/Inspect -'}] | Z10: 21/02/2025 | AA10: 11858 | AB10: PS_PM_QTR_StationInspection_4000657936.pdf
A11: 11910493 | B11: M7 | C11: 18/02/2022 | D11: 0805 | E11: 24/02/2022 | F11: WS10 | G11: IP1020220218 | H11: 4000450788 | K11: NOPR ORAS | L11: REQ | M11: PRAL-MRL-WS-STN-MRLHAH Station Hang Tuah | N11: WES Wayside Department | Q11: MRWSU001 1003 | R11: PM Inspection for Hang Tuah Station | S11: PM Inspection for Hang Tuah Station | T11: [] | U11: [] | V11: pm complete | W11: [] | X11: [] | Y11: [] | Z11: 24/02/2022 | AA11: 7013 | AB11: PS_PM_WEK_StationInspection_4000450788.pdf
A12: 12380825 | B12: M7 | C12: 12/12/2024 | D12: 0805 | E12: 19/12/2024 | F12: WS10 | G12: IP1020241212 | H12: 4000655145 | K12: NOPR NOPT ORAS OSTS | L12: CLS ACK | M12: PRAL-MRL-WS-STN-MRLHAH Station Hang Tuah | N12: WES Wayside Department | Q12: MRWSU001 1003 Inspection - 1 Week Interval | R12: PM Inspection for Hang Tuah Station | S12: PM COMPLETE | T12: [{'task': '0001', 'description': '1001'}] | U12: [{'staff_id': '10012660', 'name': 'MUHAMAD SHAZWAN BIN\nMOHAMMAD RASUDIN', 'plan_start_date_time': '00:00:00', 'plan_end_date_time': '00:00:00', 'total_hours': ''}] | V12: Pm complete. | W12: [{'item': '0001', 'object_part': 'Station Power Supply', 'damage': ''}] | X12: [{'item': '0001', 'cause': 'Scheduled maintenance'}] | Y12: [{'item': '0001', 'activity': 'Check / Inspect -'}] | Z12: 12/12/2024 | AA12: 7114 | AB12: PS_PM_WEK_StationInspection_4000655145.pdf
A13: 12380206 | B13: M7 | C13: 10/12/2024 | D13: 0805 | E13: 17/12/2024 | F13: WS10 | G13: IP1020241210 | H13: 4000655120 | K13: NOPR NOPT ORAS OSTS | L13: CLS ACK | M13: PRAL-MRL-WS-STN-MRLBAS Station Bukit Nanas | N13: WES Wayside Department | Q13: MRWSU001 1003 Inspection - 1 Week Interval | R13: PM Inspection for Bukit Nanas Station | S13: PM COMPLETE | T13: [{'task': '0001', 'description': '1001'}] | U13: [{'staff_id': '10012660', 'name': 'MUHAMAD SHAZWAN BIN\nMOHAMMAD RASUDIN', 'plan_start_date_time': '00:00:00', 'plan_end_date_time': '00:00:00', 'total_hours': ''}] | V13: Pm complete. | W13: [{'item': '0001', 'object_part': 'Station Power Supply', 'damage': ''}] | X13: [{'item': '0001', 'cause': 'Scheduled maintenance'}] | Y13: [{'item': '0001', 'activity': 'Check / Inspect -'}] | Z13: 17/12/2024 | AB13: PS_PM_WEK_StationInspection_4000655120.pdf
A14: 12380941 | B14: M7 | C14: 13/12/2024 | D14: 0805 | E14: 20/12/2024 | F14: WS10 | G14: IP1020241213 | H14: 4000655149 | K14: NOPR NOPT ORAS OSTS | L14: CLS ACK | M14: PRAL-MRL-WS-STN-MRLTUN Station Tun Sambanthan | N14: WES Wayside Department | Q14: MRWSU001 1003 Inspection - 1 Week Interval | R14: PM Inspection for Tun Sambanthan Station | S14: PM COMPLETE | T14: [{'task': '0001', 'description': '1001'}] | U14: [{'staff_id': '10007094', 'name': 'MOHAMAD IRZAN BIN YUSOF', 'plan_start_date_time': '00:00:00', 'plan_end_date_time': '00:00:00', 'total_hours': ''}] | V14: pm complete. | W14: [{'item': '0001', 'object_part': 'Station Power Supply', 'damage': ''}] | X14: [{'item': '0001', 'cause': 'Scheduled maintenance'}] | Y14: [{'item': '0001', 'activity': 'Check/Inspect -'}] | Z14: 13/12/2024 | AA14: 19234 | AB14: PS_PM_WEK_StationInspection_4000655149.pdf
A15: 12381875 | B15: M7 | C15: 16/12/2024 | D15: 0805 | E15: 23/12/2024 | F15: WS10 | G15: IP1020241216 | H15: 4000655156 | K15: NOPR NOPT ORAS OSTS | L15: CLS ACK | M15: PRAL-MRL-WS-STN-MRLCIT Station Chow Kit | N15: WES Wayside Department | Q15: MRWSU001 1003 Inspection - 1 Week Interval | R15: PM Inspection for Chow Kit Station | S15: - PM COMPLETE | T15: [{'task': '0001', 'description': '1001'}] | U15: [{'staff_id': '10019234', 'name': 'MOHAMAD NORIEZUWADI BIN ZUL', 'plan_start_date_time': '00:00:00', 'plan_end_date_time': '00:00:00', 'total_hours': ''}] | V15: Pm complete | W15: [{'item': '0001', 'object_part': 'Station Power Supply', 'damage': ''}] | X15: [{'item': '0001', 'cause': 'Scheduled maintenance'}] | Y15: [{'item': '0001', 'activity': 'Check/Inspect -'}] | Z15: 16/12/24 | AA15: 19234 | AB15: PS_PM_WEK_StationInspection_4000655156.pdf
A16: 12408387 | B16: M7 | C16: 14/02/2025 | D16: 0805 | E16: 21/02/2025 | F16: WS10 | G16: IP1020250214 | H16: 4000657933 | K16: NOPR NOPT ORAS | L16: REQ | M16: PRAL-MRL-WS-TPS-MRLHTZ TPSS - Hang Tuah | N16: WES Wayside Department | Q16: MRWSU001 I006 Inspection - 3 Months Interval | R16: PM Inspection for Hang Tuah TPSS | T16: [] | U16: [] | V16: PM Complete | W16: [] | X16: [] | Y16: [] | Z16: 21/02/2025 | AA16: 11858 | AB16: PS_PM_QTR_TPSS_4000657933.pdf
A17: 11899188 | B17: M7 | C17: 22/01/2022 | D17: 0805 | E17: 28/01/2022 | F17: WS10 | G17: IP1020220122 | H17: 4000446655 | K17: NOPR ORAS | L17: REQ | M17: PRAL-MRL-WS-STN-MRLTUN Station Tun Sambanthan | N17: WES Wayside Department | Q17: MRWSU001 1003 | R17: PM Inspection for Tun Sambanthan Station | S17: PM Inspection for Tun Sambanthan Station | T17: [] | U17: [{'staff_id': '', 'name': 'Ad, ms', 'plan_start_date_time': '', 'plan_end_date_time': '', 'total_hours': ''}] | V17: Pm Complete | W17: [] | X17: [] | Y17: [] | Z17: 28/01/2022 | AA17: 7099 | AB17: PS_PM_WEK_StationInspection_4000446655.pdf
A18: 12383049 | B18: M7 | C18: 18/12/2024 | D18: 0805 | E18: 25/12/2024 | F18: WS20 | G18: IP1020241218 | H18: 4000655162 | K18: NOPR NOPT ORAS OSTS | L18: CLS ACK | M18: PRAL-MRL-WS-STN-MRLRAN Station Raja Chulan | N18: WES Wayside Department | Q18: MRWSU001 I003 Inspection - 1 Week Interval | S18: - PM COMPLETE | T18: [{'task': '0001', 'description': 'I001'}] | U18: [{'staff_id': '10019234', 'name': 'MOHAMAD NORIEZUWADI BIN ZUL', 'plan_start_date_time': '00:00:00', 'plan_end_date_time': '00:00:00', 'total_hours': ''}] | V18: Pm complete. | W18: [{'item': '0001', 'object_part': 'Station Power Supply', 'damage': ''}] | X18: [{'item': '0001', 'cause': 'Scheduled maintenance'}] | Y18: [{'item': '0001', 'activity': 'Check/Inspect -'}] | Z18: 18/12/24 | AA18: 19234 | AB18: PS_PM_WEK_StationInspection_4000655162.pdf
A19: 12382397 | B19: M7 | C19: 17/12/2024 | D19: 0805 | E19: 24/12/2024 | F19: WS10 | G19: IP1020241217 | H19: 4000655158 | K19: NOPR NOPT ORAS OSTS | L19: CLS ACK | M19: PRAL-MRL-WS-STN-MRLBAS Station Bukit Nanas | N19: WES Wayside Department | Q19: MRWSU001 1003 Inspection - 1 Week Interval | R19: PM Inspection for Bukit Nanas Station | S19: - PM COMPLETE | T19: [{'task': '0001', 'description': '1001'}] | U19: [{'staff_id': '10019234', 'name': 'MOHAMAD NORIEZUWADI BIN ZUL', 'plan_start_date_time': '00:00:00', 'plan_end_date_time': '00:00:00', 'total_hours': ''}] | V19: Pm complete. | W19: [{'item': '0001', 'object_part': 'Station Power Supply', 'damage': ''}] | X19: [{'item': '0001', 'cause': 'Scheduled maintenance'}] | Y19: [{'item': '0001', 'activity': 'Check / Inspect -'}] | Z19: 17/12/2024 | AA19: 19234 | AB19: PS_PM_WEK_StationInspection_4000655158.pdf
A20: 12383394 | B20: M7 | C20: 19/12/2024 | D20: 0805 | E20: 26/12/2024 | F20: WS10 | G20: IP1020241219 | H20: 4000655163 | K20: NOPR NOPT ORAS OSTS | L20: CLS ACK | M20: PRAL-MRL-WS-STN-MRLHAH Station Hang Tuah | N20: WES Wayside Department | Q20: MRWSU001 I003 Inspection - 1 Week Interval | R20: PM Inspection for Hang Tuah Station | S20: - PM COMPLETE | T20: [{'task': '0001', 'description': 'I001'}] | U20: [{'staff_id': '10019924', 'name': 'AHMAD JURIJ BIN AMIRUDIN', 'plan_start_date_time': '00:00:00', 'plan_end_date_time': '00:00:00', 'total_hours': ''}] | V20: Pm complete. | W20: [{'item': '0001', 'object_part': 'Station Power Supply', 'damage': ''}] | X20: [{'item': '0001', 'cause': 'Scheduled maintenance'}] | Y20: [{'item': '0001', 'activity': 'Check/Inspect -'}] | Z20: 19/12/2024 | AA20: 19234 | AB20: PS_PM_WEK_StationInspection_4000655163.pdf
A21: 12383735 | B21: M7 | C21: 20/12/2024 | D21: 0805 | E21: 27/12/2024 | F21: WS10 | G21: IP1020241220 | H21: 4000655167 | K21: NOPR NOPT ORAS OSTS | L21: CLS ACK | M21: PRAL-MRL-WS-STN-MRLTUN Station Tun Sambanthan | N21: WES Wayside Department | Q21: MRWSU001 1003 Inspection - 1 Week Interval | R21: PM Inspection for Tun Sambanthan Station | S21: - PM COMPLETE | T21: [{'task': '0001', 'description': '1001'}] | U21: [{'staff_id': '10019924', 'name': 'AHMAD JURIJ BIN AMIRUDIN', 'plan_start_date_time': '00:00:00', 'plan_end_date_time': '00:00:00', 'total_hours': '1'}] | V21: PM Complete. | W21: [{'item': '0001', 'object_part': 'Station Power Supply', 'damage': ''}] | X21: [{'item': '0001', 'cause': 'Scheduled maintenance'}] | Y21: [{'item': '0001', 'activity': 'Check / Inspect -'}] | Z21: 2O/12/2024 | AA21: 19234 | AB21: PS_PM_WEK_StationInspection_4000655167.pdf
A22: 12383395 | B22: M7 | C22: 19/12/2024 | D22: 0805 | E22: 26/12/2024 | F22: WS10 | G22: IP1020241219 | H22: 4000655164 | K22: NOPR NOPT ORAS OSTS | L22: CLS ACK | M22: PRAL-MRL-WS-STN-MRLIBI Station Imbi | N22: WES Wayside Department | Q22: MRWSU001 1003 | R22: Inspection - 1 Week Interval | S22: PM Inspection for Imbi Station - PM COMPLETE | T22: [{'task': '0001', 'description': '1001'}] | U22: [{'staff_id': '10019924', 'name': 'AHMAD JURIJ BIN AMIRUDIN', 'plan_start_date_time': '00:00:00', 'plan_end_date_time': '00:00:00', 'total_hours': ''}] | V22: Pm complete. | W22: [{'item': '0001', 'object_part': 'Station Power Supply', 'damage': ''}] | X22: [{'item': '0001', 'cause': 'Scheduled maintenance'}] | Y22: [{'item': '0001', 'activity': 'Check / Inspect -'}] | Z22: 26/12/2024 | AA22: 19234 | AB22: PS_PM_WEK_StationInspection_4000655164.pdf
A23: 11908773 | B23: M7 | C23: 13/02/2022 | D23: 0805 | E23: 19/02/2022 | F23: WS10 | G23: IP1020220213 | H23: 4000449980 | K23: NOPR ORAS | L23: REQ | M23: PRAL-MRL-WS-TPS-MRLSSZ TPSS - Sultan Sulaiman | N23: WES Wayside Department | Q23: MRWSU001 1003 | R23: PM Inspection for Sultan Sulaiman TPSS | S23: PM Inspection for Sultan Sulaiman TPSS | T23: [] | U23: [] | V23: PM Complete | W23: [] | X23: [] | Y23: [] | Z23: 19/02/2022 | AA23: 7091 | AB23: PS_PM_WEK_TPSS_4000449980.pdf
A24: 12384532 | B24: M7 | C24: 23/12/2024 | D24: 0805 | E24: 30/12/2024 | F24: WS10 | G24: IP1020241223 | H24: 4000655176 | K24: NOPR NOPT ORAS OSTS | L24: CLS ACK | M24: PRAL-MRL-WS-STN-MRLTSA Station Titiwangsa | N24: WES Wayside Department | R24: MRWSU001 1003 Inspection - 1 Week Interval | S24: PM Inspection for Titiwangsa - PM COMPLETE | T24: [{'task': '0001', 'description': '1001'}] | U24: [{'staff_id': '10011858', 'name': 'NAZRULSHAH BIN MOHAMAD JUBERI', 'plan_start_date_time': '00:00:00', 'plan_end_date_time': '00:00:00', 'total_hours': '1'}] | V24: I'm complete | W24: [{'item': '0001', 'object_part': 'Station Power Supply', 'damage': ''}] | X24: [{'item': '0001', 'cause': 'Scheduled maintenance'}] | Y24: [{'item': '0001', 'activity': 'Check / Inspect -'}] | Z24: 23/12/2024 | AA24: 11858 | AB24: PS_PM_WEK_StationInspection_4000655176.pdf
A25: 12385412 | B25: M7 | C25: 26/12/2024 | D25: 0805 | E25: 02/01/2025 | F25: WS10 | G25: IP1020241226 | H25: 4000655182 | K25: NOPR NOPT ORAS OSTS | L25: CLS ACK | M25: PRAL-MRL-WS-STN-MRLHAH Station Hang Tuah | N25: WES Wayside Department | Q25: MRWSU001 1003 Inspection - 1 Week Interval | R25: PM Inspection for Hang Tuah Station | S25: PM COMPLETE | T25: [{'task': '0001', 'description': '1001'}] | U25: [{'staff_id': '10007114', 'name': 'DINESH KUMAR A/L VARUTHER RAJOO', 'plan_start_date_time': '00:00:00', 'plan_end_date_time': '00:00:00', 'total_hours': ''}] | V25: Pm complete. | W25: [{'item': '0001', 'object_part': 'Station Power Supply', 'damage': ''}] | X25: [{'item': '0001', 'cause': 'Scheduled maintenance'}] | Y25: [{'item': '0001', 'activity': 'Check/Inspect -'}] | Z25: 26/12/2024 | AA25: 7114 | AB25: PS_PM_WEK_StationInspection_4000655182.pdf
A26: 12385409 | B26: M7 | C26: 25/12/2024 | D26: 0805 | E26: 01/01/2025 | F26: WS20 | G26: IP1020241225 | H26: 4000655181 | K26: NOPR NOPT ORAS OSTS | L26: CLS ACK | M26: PRAL-MRL-WS-STN-MRLRAN Station Raja Chulan | N26: WES Wayside Department | R26: MRWSU001 1003 Inspection - 1 Week Interval | S26: - PM COMPLETE | T26: [{'task': '0001', 'description': '1001'}] | U26: [{'staff_id': '10007114', 'name': 'DINESH KUMAR A/L VARUTHER RAJOO', 'plan_start_date_time': '00:00:00', 'plan_end_date_time': '00:00:00', 'total_hours': ''}] | W26: [{'item': '0001', 'object_part': 'Station Power Supply', 'damage': ''}] | X26: [{'item': '0001', 'cause': 'Scheduled maintenance'}] | Y26: [{'item': '0001', 'activity': 'Check/Inspect -'}] | Z26: 01/01/2025 | AA26: 7114 | AB26: PS_PM_WEK_StationInspection_4000655181.pdf
A27: 12385135 | B27: M7 | C27: 24/12/2024 | D27: 0805 | E27: 31/12/2024 | F27: WS10 | G27: IP1020241224 | H27: 4000655178 | K27: NOPR NOPT ORAS OSTS | L27: CLS ACK | M27: PRAL-MRL-WS-STN-MRLMKU Station Medan Tuanku | N27: WES Wayside Department | R27: MRWSU001 1003 Inspection - 1 Week Interval | S27: - PM COMPLETE | T27: [{'task': '0001', 'description': '1001'}] | U27: [{'staff_id': '10011858', 'name': 'NAZRULSHAH BIN MOHAMAD JUBERI', 'plan_start_date_time': '00:00:00', 'plan_end_date_time': '00:00:00', 'total_hours': ''}] | V27: Pm complete. | W27: [{'item': '0001', 'object_part': 'Station Power Supply', 'damage': ''}] | X27: [{'item': '0001', 'cause': 'Scheduled maintenance'}] | Y27: [{'item': '0001', 'activity': 'Check / Inspect -'}] | Z27: 31/12/2024 | AA27: 7114 | AB27: PS_PM_WEK_StationInspection_4000655178.pdf
A28: 12385633 | B28: M7 | C28: 26/12/2024 | D28: 0805 | E28: 02/01/2025 | F28: WS10 | G28: IP1020241226 | H28: 4000655183 | K28: NOPR NOPT ORAS OSTS | L28: CLS ACK | M28: PRAL-MRL-WS-STN-MRLIBI Station Imbi | N28: WES Wayside Department | Q28: MRWSU001 1003 Inspection - 1 Week Interval | R28: PM Inspection for Imbi Station | S28: PM COMPLETE | T28: [{'task': '1001', 'description': ''}] | U28: [{'staff_id': '10007114', 'name': 'DINESH KUMAR A/L VARUTHER RAJOO', 'plan_start_date_time': '00:00:00', 'plan_end_date_time': '00:00:00', 'total_hours': ''}] | V28: PM complete | W28: [{'item': '0001', 'object_part': 'Station Power Supply', 'damage': ''}] | X28: [{'item': '0001', 'cause': 'Scheduled maintenance'}] | Y28: [{'item': '0001', 'activity': 'Check/Inspect -'}] | Z28: 26.12.29 | AB28: PS_PM_WEK_StationInspection_4000655183.pdf
A29: 12385722 | B29: M7 | C29: 27/12/2024 | D29: 0805 | E29: 03/01/2025 | F29: WS10 | G29: IP1020241227 | H29: 4000655185 | K29: NOPR NOPT ORAS OSTS | L29: CLS ACK | M29: PRAL-MRL-WS-STN-MRLMAH Station Maharajalela | N29: WES Wayside Department | Q29: MRWSU001 I003 Inspection - 1 Week Interval | R29: PM Inspection for Maharaja Lela Station | S29: PM COMPLETE | T29: [{'task': '0001', 'description': 'I001'}] | U29: [{'staff_id': '10007114', 'name': 'DINESH KUMAR A/L VARUTHER RAJOO', 'plan_start_date_time': '00:00:00', 'plan_end_date_time': '00:00:00', 'total_hours': ''}] | V29: pm complete. | W29: [{'item': '0001', 'object_part': 'Station Power Supply', 'damage': ''}] | X29: [{'item': '0001', 'cause': 'Scheduled maintenance'}] | Y29: [{'item': '0001', 'activity': 'Check/Inspect -'}] | Z29: 27/12/24 | AA29: 11858 | AB29: PS_PM_WEK_StationInspection_4000655185.pdf
A30: 12385903 | B30: M7 | C30: 27/12/2024 | D30: 0805 | E30: 03/01/2025 | F30: WS10 | G30: IP1020241227 | H30: 4000655186 | K30: NOPR NOPT ORAS OSTS | L30: CLS ACK | M30: PRAL-MRL-WS-STN-MRLTUN Station Tun Sambanthan | N30: WES Wayside Department | Q30: MRWSU001 I003 Inspection - 1 Week Interval | R30: PM Inspection for Tun Sambanthan Station | S30: - PM COMPLETE | T30: [{'task': '0001', 'description': '1001'}] | U30: [{'staff_id': '10007114', 'name': 'DINESH KUMAR A/L VARUTHER RAJOO', 'plan_start_date_time': '00:00:00', 'plan_end_date_time': '00:00:00', 'total_hours': ''}] | V30: pm Complete. | W30: [{'item': '0001', 'object_part': 'Station Power Supply', 'damage': ''}] | X30: [{'item': '0001', 'cause': 'Scheduled maintenance'}] | Y30: [{'item': '0001', 'activity': 'Check / Inspect -'}] | Z30: 27/12/2024 | AA30: 19234 | AB30: PS_PM_WEK_StationInspection_4000655186.pdf
A31: 12421846 | B31: M7 | C31: 12/03/2025 | D31: 0805 | E31: 19/03/2025 | F31: WS20 | G31: IP1020250312 | H31: 4000663756 | K31: NOPR NOPT ORAS OSTS | L31: CLS ACK | M31: PRAL-MRL-WS-STN-MRLRAN Station Raja Chulan | N31: WES Wayside Department | Q31: MRWSU001 1003 Inspection - 1 Week Interval | R31: PM Inspection for Raja Chulan Station | S31: -PM COMPLETE | T31: [{'task': '0001', 'description': '1001'}] | U31: [{'staff_id': '10012660', 'name': 'MUHAMAD SHAZWAN BIN\nMOHAMMAD RASUDIN', 'plan_start_date_time': '00:00:00', 'plan_end_date_time': '00:00:00', 'total_hours': ''}] | W31: [{'item': '0001', 'object_part': 'Station Power Supply', 'damage': ''}] | X31: [{'item': '0001', 'cause': 'Scheduled maintenance'}] | Y31: [{'item': '0001', 'activity': 'Check/Inspect -'}] | Z31: 19/03/2025 | AA31: 19924 | AB31: PS_PM_WEK_StationInspection_4000663756.pdf
A32: 12395465 | B32: M7 | C32: 16/01/2025 | D32: 0805 | E32: 23/01/2025 | F32: WS10 | G32: IP1020250116 | H32: 4000655204 | K32: NOPR NOPT ORAS OSTS | L32: CLS ACK | M32: PRAL-MRL-WS-STN-MRLIBI Station Imbi | N32: WES Wayside Department | Q32: MRWSU001 1003 Inspection - 1 Week Interval | R32: PM Inspection for Imbi Station | S32: -PM COMPLETE | T32: [{'task': '0001', 'description': '1001'}] | U32: [{'staff_id': '10012660', 'name': 'MUHAMAD SHAZWAN BIN\nMOHAMMAD RASUDIN', 'plan_start_date_time': '00:00:00', 'plan_end_date_time': '00:00:00', 'total_hours': ''}] | V32: PM Complete | W32: [{'item': '0001', 'object_part': 'Station Power Supply', 'damage': ''}] | X32: [{'item': '0001', 'cause': 'Scheduled maintenance'}] | Y32: [{'item': '0001', 'activity': 'Check / Inspect -'}] | Z32: 23/1/25 | AA32: MORIEZUWAD | AB32: PS_PM_WEK_StationInspection_4000655204.pdf
A33: 12386478 | B33: M7 | C33: 30/12/2024 | D33: 0805 | E33: 06/01/2025 | F33: WS10 | G33: IP1020241230 | H33: 4000655194 | K33: NOPR NOPT ORAS OSTS | L33: CLS ACK | M33: PRAL-MRL-WS-STN-MRLTSA Station Titiwangsa | N33: WES Wayside Department | Q33: MRWSU001 1003 Inspection - 1 Week Interval | R33: PM Inspection for Titiwangsa | S33: PM COMPLETE | T33: [{'task': '0001', 'description': '1001'}] | U33: [{'staff_id': '10007094', 'name': 'MOHAMAD IRZAN BIN YUSOF', 'plan_start_date_time': '00:00:00', 'plan_end_date_time': '00:00:00', 'total_hours': ''}] | V33: Pm complete. | W33: [{'item': '0001', 'object_part': 'Station Power Supply', 'damage': ''}] | X33: [{'item': '0001', 'cause': 'Scheduled maintenance'}] | Y33: [{'item': '0001', 'activity': 'Check / Inspect -'}] | Z33: 30/12/24 | AA33: 7114 | AB33: PS_PM_WEK_StationInspection_4000655194.pdf
A34: 12394678 | B34: M7 | C34: 14/01/2025 | D34: 0805 | E34: 21/01/2025 | F34: WS10 | G34: IP1020250114 | H34: 4000655199 | K34: NOPR NOPT ORAS OSTS | L34: CLS ACK | M34: PRAL-MRL-WS-STN-MRLMKU Station Medan Tuanku | N34: WES Wayside Department | Q34: MRWSU001 I003 Inspection - 1 Week Interval | R34: PM Inspection for Medan Tuanku Station | S34: - PM COMPLETE | T34: [{'task': '0001', 'description': 'I001'}] | U34: [{'staff_id': '10007114', 'name': 'DINESH KUMAR A/L VARUTHER RAJOO', 'plan_start_date_time': '00:00:00', 'plan_end_date_time': '00:00:00', 'total_hours': ''}] | V34: PM complete | W34: [{'item': '0001', 'object_part': 'Station Power Supply', 'damage': ''}] | X34: [{'item': '0001', 'cause': 'Scheduled maintenance'}] | Y34: [{'item': '0001', 'activity': 'Check/Inspect -'}] | Z34: 21/1/2025 | AA34: 7114 | AB34: PS_PM_WEK_StationInspection_4000655199.pdf
A35: 12395464 | B35: M7 | C35: 16/01/2025 | D35: 0805 | E35: 23/01/2025 | F35: WS10 | G35: IP1020250116 | H35: 4000655205 | K35: NOPR NOPT ORAS OSTS | L35: CLS ACK | M35: PRAL-MRL-WS-STN-MRLHAH Station Hang Tuah | N35: WES Wayside Department | Q35: MRWSU001 1003 Inspection - 1 Week Interval | R35: PM Inspection for Hang Tuah Station | S35: - PM COMPLETE | T35: [{'task': '0001', 'description': '1001'}] | U35: [{'staff_id': '10012660', 'name': 'MUHAMAD SHAZWAN BIN', 'plan_start_date_time': '00:00:00', 'plan_end_date_time': '00:00:00', 'total_hours': ''}, {'staff_id': '', 'name': 'MOHAMMAD RASUDIN', 'plan_start_date_time': '', 'plan_end_date_time': '', 'total_hours': ''}] | V35: Pm Complete | W35: [{'item': '0001', 'object_part': 'Station Power Supply', 'damage': ''}] | X35: [{'item': '0001', 'cause': 'Scheduled maintenance'}] | Y35: [{'item': '0001', 'activity': 'Check/Inspect -'}] | Z35: 23/01/2025 | AA35: 7094 | AB35: PS_PM_WEK_StationInspection_4000655205.pdf
A36: 12421845 | B36: M7 | C36: 12/03/2025 | D36: 0805 | E36: 19/03/2025 | F36: WS10 | G36: IP1020250312 | H36: 4000663757 | K36: NOPR NOPT ORAS OSTS | L36: CLS ACK | M36: PRAL-MRL-WS-STN-MRLBNG Station Bukit Bintang | N36: WES Wayside Department | Q36: MRWSU001 1003 Inspection - 1 Week Interval | R36: PM Inspection for Bukit Bintang Station | S36: -PM COMPLETE | T36: [{'task': '0001', 'description': '1001'}] | U36: [{'staff_id': '10012660', 'name': 'MUHAMAD SHAZWAN BIN MOHAMMAD RASUDIN', 'plan_start_date_time': '00:00:00', 'plan_end_date_time': '00:00:00', 'total_hours': ''}] | W36: [{'item': '0001', 'object_part': 'Station Power Supply', 'damage': ''}] | X36: [{'item': '0001', 'cause': 'Scheduled maintenance'}] | Y36: [{'item': '0001', 'activity': 'Check/Inspect -'}] | Z36: 19/03/2025 | AA36: 7094 | AB36: PS_PM_WEK_StationInspection_4000663757.pdf
A37: 11894131 | B37: M7 | C37: 07/01/2022 | D37: 0805 | E37: 13/01/2022 | F37: WS10 | G37: IP1020220107 | H37: 4000443616 | K37: NOPR ORAS | L37: REQ | M37: PRAL-MRL-WS-TPS-MRLMTZ TPSS - Medan Tuanku | N37: WES Wayside Department | Q37: MRWSU001 1003 | R37: PM Inspection for Medan Tuanku TPSS | S37: PM Inspection for Medan Tuanku TPSS | T37: [] | U37: [] | V37: Pm Complete | W37: [] | X37: [] | Y37: [] | Z37: 13/01/2022 | AA37: 7094 | AB37: PS_PM_WEK_TPSS_4000443616.pdf
A38: 12398903 | B38: M7 | C38: 25/01/2025 | D38: 0805 | E38: 01/02/2025 | F38: WS10 | G38: IP1020250125 | H38: 4000655227 | K38: NOPR NOPT ORAS OSTS | L38: CLS ACK | M38: PRAL-MRL-WS-STN-MRLKLS Station KL Sentral | N38: WES Wayside Department | Q38: MRWSU001 1003 Inspection - 1 Week Interval | R38: PM Inspection for KL Sentral Station | S38: PM COMPLETE | T38: [{'task': '0001', 'description': '1001'}] | U38: [{'staff_id': '10019924', 'name': 'AHMAD JURIJ BIN AMIRUDIN', 'plan_start_date_time': '00:00:00', 'plan_end_date_time': '00:00:00', 'total_hours': ''}] | V38: PM Complete | W38: [{'item': '0001', 'object_part': 'Station Power Supply', 'damage': ''}] | X38: [{'item': '0001', 'cause': 'Scheduled maintenance'}] | Y38: [{'item': '0001', 'activity': 'Check/Inspect -'}] | Z38: 01/02/2025 | AA38: 19924 | AB38: PS_PM_WEK_StationInspection_4000655227.pdf
A39: 12398950 | B39: M7 | C39: 26/01/2025 | D39: 0805 | E39: 02/02/2025 | F39: WS10 | G39: IP1020250126 | H39: 4000655230 | K39: NOPR NOPT ORAS OSTS | L39: CLS ACK | M39: PRAL-MRL-WS-BLD-MRLWSP Workshop | N39: WES Wayside Department | Q39: MRWSU001 1003 Inspection - 1 Week Interval | R39: PM Inspection for Workshop Building | S39: - PM COMPLETE | T39: [{'task': '0001', 'description': 1001}] | U39: [{'staff_id': '10019924', 'name': 'AHMAD JURIJ BIN AMIRUDIN', 'plan_start_date_time': '00:00:00', 'plan_end_date_time': '00:00:00', 'total_hours': ''}] | V39: PM Complete | W39: [{'item': '0001', 'object_part': 'Depot Power Supply', 'damage': ''}] | X39: [{'item': '0001', 'cause': 'Scheduled maintenance'}] | Y39: [{'item': '0001', 'activity': 'Check / Inspect -'}] | Z39: 02/02/2025 | AA39: 19924 | AB39: PS_PM_WEK_StationInspection_4000655230.pdf
A40: 11910495 | B40: M7 | C40: 18/02/2022 | D40: 0805 | E40: 24/02/2022 | F40: WS10 | G40: IP1020220218 | H40: 4000450790 | K40: NOPR ORAS | L40: REQ | M40: PRAL-MRL-WS-TPS-MRLMTZ TPSS - Medan Tuanku | N40: WES Wayside Department | Q40: MRWSU001 1003 | R40: PM Inspection for Medan Tuanku TPSS | S40: PM Inspection for Medan Tuanku TPSS | T40: [] | U40: [] | V40: pm complete | W40: [] | X40: [] | Y40: [] | Z40: 24/02/2022 | AA40: 7013 | AB40: PS_PM_WEK_TPSS_4000450790.pdf
A41: 12406654 | B41: M7 | C41: 09/02/2025 | D41: 0805 | E41: 16/02/2025 | F41: WS10 | G41: IP1020250209 | H41: 4000657434 | K41: NOPR NOPT ORAS OSTS | L41: CLS ACK | M41: PRAL-MRL-WS-BLD-MRLWSP Workshop | N41: WES Wayside Department | Q41: MRWSU001 1003 Inspection - 1 Week Interval | R41: PM Inspection for Workshop Building | S41: - PM COMPLETE | T41: [{'task': '0001', 'description': '1001'}] | U41: [{'staff_id': '10019234', 'name': 'MOHAMAD NORIEZUWADI BIN ZUL', 'plan_start_date_time': '00:00:00', 'plan_end_date_time': '00:00:00', 'total_hours': ''}] | V41: Pm COMPLETE | W41: [{'item': '0001', 'object_part': 'Building Power Supply', 'damage': ''}] | X41: [{'item': '0001', 'cause': 'Scheduled maintenance'}] | Y41: [{'item': '0001', 'activity': 'Check/Inspect -'}] | Z41: 16/02/2025 | AA41: 19234 | AB41: PS_PM_WEK_StationInspection_4000657434.pdf
A42: 12406799 | B42: M7 | C42: 10/02/2025 | D42: 0805 | E42: 17/02/2025 | F42: WS10 | G42: IP1020250210 | H42: 4000657459 | K42: NOPR NOPT ORAS | L42: REQ | M42: PRAL-MRL-WS-STN-MRLTSA Station Titiwangsa | N42: WES Wayside Department | R42: MRWSU001 1006 Inspection - 3 Months Interval | S42: PM Inspection for Titiwangsa | T42: [{'task': '', 'description': ''}] | U42: [{'staff_id': '', 'name': '', 'plan_start_date_time': '', 'plan_end_date_time': '', 'total_hours': ''}] | V42: PM COMPLETE | W42: [{'item': '', 'object_part': '', 'damage': ''}] | X42: [{'item': '', 'cause': ''}] | Y42: [{'item': '', 'activity': ''}] | Z42: 17/2/25 | AA42: 19234 | AB42: PS_PM_WEK_StationInspection_4000657459.pdf
A43: 12407633 | B43: M7 | C43: 12/02/2025 | D43: 0805 | E43: 19/02/2025 | F43: WS10 | G43: IP1020250212 | H43: 4000657496 | K43: NOPR NOPT ORAS OSTS | L43: CLS ACK | M43: PRAL-MRL-WS-STN-MRLBNG Station Bukit Bintang | N43: WES Wayside Department | Q43: MRWSU001 1006 Inspection | R43: PM Inspection for Bukit Bintang Station | S43: - PM COMPLETE | T43: [{'task': '0001', 'description': 1001}] | U43: [{'staff_id': '10019924', 'name': 'AHMAD JURIJ BIN AMIRUDIN', 'plan_start_date_time': '00:00:00', 'plan_end_date_time': '00:00:00', 'total_hours': ''}] | V43: PM COMPLETE | W43: [{'item': '0001', 'object_part': 'Station Power Supply', 'damage': ''}] | X43: [{'item': '0001', 'cause': 'Scheduled maintenance'}] | Y43: [{'item': '0001', 'activity': 'Check / Inspect -'}] | Z43: 19/02/2025 | AA43: 19924 | AB43: PS_PM_WEK_StationInspection_4000657496.pdf
A44: 12406798 | B44: M7 | C44: 10/02/2025 | D44: 0805 | E44: 17/02/2025 | F44: WS10 | G44: IP1020250210 | H44: 4000657491 | K44: NOPR NOPT ORAS OSTS | L44: CLS ACK | M44: PRAL-MRL-WS-STN-MRLCIT Station Chow Kit | N44: WES Wayside Department | Q44: MRWSU001 1006 Inspection -3 Months Interval | R44: PM Inspection for Chow Kit Station | S44: -PM COMPLETE | T44: [{'task': '0001', 'description': '1001'}] | U44: [{'staff_id': '10019234', 'name': 'MOHAMAD NORIEZUWADI BIN ZUL', 'plan_start_date_time': '00:00:00', 'plan_end_date_time': '00:00:00', 'total_hours': ''}] | V44: PIM COMPLETE | W44: [{'item': '0001', 'object_part': 'Station Power Supply', 'damage': ''}] | X44: [{'item': '0001', 'cause': 'Scheduled maintenance'}] | Y44: [{'item': '0001', 'activity': 'Check/Inspect -'}] | Z44: 17/02/2025 | AA44: 19234 | AB44: PS_PM_WEK_StationInspection_4000657491.pdf
A45: 11894129 | B45: M7 | C45: 07/01/2022 | D45: 0805 | E45: 13/01/2022 | F45: WS10 | G45: IP1020220107 | H45: 4000443614 | K45: NOPR ORAS | L45: REQ | M45: PRAL-MRL-WS-STN-MRLHAH Station Hang Tuah | N45: WES Wayside Department | Q45: MRWSU001 1003 | R45: PM Inspection for Hang Tuah Station | S45: PM Inspection for Hang Tuah Station | T45: [] | U45: [{'staff_id': '', 'name': 'mi ms', 'plan_start_date_time': '', 'plan_end_date_time': '', 'total_hours': ''}] | V45: Pm Complete | W45: [] | X45: [] | Y45: [] | Z45: 13/01/2022 | AA45: 7094 | AB45: PS_PM_WEK_StationInspection_4000443614.pdf
A46: 12412958 | B46: M7 | C46: 26/02/2025 | D46: 0805 | E46: 05/03/2025 | F46: WS20 | G46: IP1020250226 | H46: 4000660947 | K46: NOPR NOPT ORAS OSTS | L46: CLS ACK | M46: PRAL-MRL-WS-STN-MRLRAN Station Raja Chulan | N46: WES Wayside Department | Q46: MRWSU001 1003 Inspection - 1 Week Interval | R46: PM Inspection for Raja Chulan Station | S46: -PM COMPLETE | T46: [{'task': '0001', 'description': '1001'}] | U46: [{'staff_id': '10019234', 'name': 'MOHAMAD NORIEZUWADI BIN ZUL', 'plan_start_date_time': '00:00:00', 'plan_end_date_time': '00:00:00', 'total_hours': ''}] | W46: [{'item': '0001', 'object_part': 'Station Power Supply', 'damage': ''}] | X46: [{'item': '0001', 'cause': 'Scheduled maintenance'}] | Y46: [{'item': '0001', 'activity': 'Check/Inspect -'}] | Z46: 05/03/2025 | AA46: 7114 | AB46: PS_PM_WEK_StationInspection_4000660947.pdf
A47: 11893492 | B47: M7 | C47: 04/01/2022 | D47: 0805 | E47: 10/01/2022 | F47: WS10 | G47: IP1020220104 | H47: 4000443607 | K47: NOPR ORAS | L47: REQ | M47: PRAL-MRL-WS-STN-MRLTSA Station Titiwangsa | N47: WES Wayside Department | Q47: MRWSU001 1003 | R47: PM Inspection for Titiwangsa | S47: PM Inspection for Titiwangsa | T47: [] | U47: [] | V47: PM complete | W47: [] | X47: [] | Y47: [] | Z47: 10/01/2022 | AA47: 7013 | AB47: PS_PM_WEK_StationInspection_4000443607.pdf
A48: 12421163 | B48: M7 | C48: 10/03/2025 | D48: 0805 | E48: 17/03/2025 | F48: WS10 | G48: IP1020250310 | H48: 4000663465 | K48: NOPR NOPT ORAS OSTS | L48: CLS ACK | M48: PRAL-MRL-WS-STN-MRLTSA Station Titiwangsa | N48: WES Wayside Department | Q48: MRWSU001 1003 Inspection - 1 Week Interval | R48: PM Inspection for Titiwangsa | S48: -PM COMPLETE | T48: [{'task': '0001', 'description': '1001'}] | U48: [{'staff_id': '10007114', 'name': 'DINESH KUMAR A/L VARUTHER RAJOO', 'plan_start_date_time': '00:00:00', 'plan_end_date_time': '00:00:00', 'total_hours': ''}] | V48: Pm Complete | W48: [{'item': '0001', 'object_part': 'Station Power Supply', 'damage': ''}] | X48: [{'item': '0001', 'cause': 'Scheduled maintenance'}] | Y48: [{'item': '', 'activity': ''}] | Z48: 17/03/2025 | AA48: 19234 | AB48: PS_PM_WEK_StationInspection_4000663465.pdf
A49: 12421656 | B49: M7 | C49: 11/03/2025 | D49: 0805 | E49: 18/03/2025 | F49: WS10 | G49: IP1020250311 | H49: 4000663657 | K49: NOPR NOPT ORAS OSTS | L49: CLS ACK | M49: PRAL-MRL-WS-STN-MRLBAS Station Bukit Nanas | N49: WES Wayside Department | Q49: MRWSU001 1003 Inspection - 1 Week Interval | R49: PM Inspection for Bukit Nanas Station | S49: PM COMPLETE | T49: [{'task': '0001', 'description': '1001'}] | U49: [{'staff_id': '10012660', 'name': 'MUHAMAD SHAZWAN BIN\nMOHAMMAD RASUDIN', 'plan_start_date_time': '00:00:00', 'plan_end_date_time': '00:00:00', 'total_hours': ''}] | V49: PM COMPLETE | W49: [{'item': '0001', 'object_part': 'Station Power Supply', 'damage': ''}] | X49: [{'item': '0001', 'cause': 'Scheduled maintenance'}] | Y49: [{'item': '0001', 'activity': 'Check/Inspect -'}] | Z49: 18/03/2025 | AA49: 20158 | AB49: PS_PM_WEK_StationInspection_4000663657.pdf
A50: 12421658 | B50: M7 | C50: 11/03/2025 | D50: 0805 | E50: 18/03/2025 | F50: WS10 | G50: IP1020250311 | H50: 4000663656 | K50: NOPR NOPT ORAS OSTS | L50: CLS ACK | M50: PRAL-MRL-WS-STN-MRLMKU Station Medan Tuanku | N50: WES Wayside Department | Q50: MRWSU001 1003 Inspection - 1 Week Interval | R50: PM Inspection for Medan Tuanku Station | S50: -PM COMPLETE | T50: [{'task': '0001', 'description': '1001'}] | U50: [{'staff_id': '10012660', 'name': 'MUHAMAD SHAZWAN BIN MOHAMMAD RASUDIN', 'plan_start_date_time': '00:00:00', 'plan_end_date_time': '00:00:00', 'total_hours': ''}] | V50: Pm Complete | W50: [{'item': '0001', 'object_part': 'Station Power Supply', 'damage': ''}] | X50: [{'item': '0001', 'cause': 'Scheduled maintenance'}] | Y50: [{'item': '0001', 'activity': 'Check/Inspect -'}] | Z50: 18/03/2025 | AA50: 19234 | AB50: PS_PM_WEK_StationInspection_4000663656.pdf
A51: 12421072 | B51: M7 | C51: 10/03/2025 | D51: 0805 | E51: 17/03/2025 | F51: WS10 | G51: IP1020250310 | H51: 4000663466 | K51: NOPR NOPT ORAS OSTS | L51: CLS ACK | M51: PRAL-MRL-WS-STN-MRLCIT Station Chow Kit | N51: WES Wayside Department | R51: MRWSU001 1003 Inspection - 1 Week Interval | S51: PM Inspection for Chow Kit Station -PM COMPLETE | T51: [{'task': '0001', 'description': '1001'}] | U51: [{'staff_id': '10007114', 'name': 'DINESH KUMAR A/L VARUTHER RAJOO', 'plan_start_date_time': '00:00:00', 'plan_end_date_time': '00:00:00', 'total_hours': ''}] | V51: Pm Complete | W51: [{'item': '0001', 'object_part': 'Station Power Supply', 'damage': ''}] | X51: [{'item': '0001', 'cause': 'Scheduled maintenance'}] | Y51: [{'item': '0001', 'activity': 'Check / Inspect -'}] | Z51: 17/03/2025 | AA51: 20158 | AB51: PS_PM_WEK_StationInspection_4000663466.pdf
A52: 12422472 | B52: M7 | C52: 14/03/2025 | D52: 0805 | E52: 20/03/2025 | F52: WS10 | G52: IP1020250314 | H52: 4000665122 | K52: NOPR NOPT ORAS OSTS | L52: CLS ACK | M52: PRAL-MRL-WS-STN-MRLIBI Station Imbi | N52: WES Wayside Department | Q52: MRWSU001 1003 Inspection - 1 Week Interval | R52: PM Inspection for Imbi Station | S52: -PM COMPLETED | T52: [{'task': '0001', 'description': '1001'}] | U52: [{'staff_id': '10007094', 'name': 'MOHAMAD IRZAN BIN YUSOF', 'plan_start_date_time': '00:00:00', 'plan_end_date_time': '00:00:00', 'total_hours': ''}] | V52: PM Complete | W52: [{'item': '0001', 'object_part': 'Station Power Supply', 'damage': ''}] | X52: [{'item': '0001', 'cause': 'Scheduled maintenance'}] | Y52: [{'item': '0001', 'activity': 'Check/Inspect -'}] | Z52: 20/03/2025 | AA52: 7094 | AB52: PS_PM_WEK_StationInspection_4000665122.pdf
A53: 12423541 | B53: M7 | C53: 17/03/2025 | D53: 0805 | E53: 24/03/2025 | F53: WS10 | G53: IP1020250317 | H53: 4000665130 | K53: NOPR NOPT ORAS OSTS | L53: CLS ACK | M53: PRAL-MRL-WS-STN-MRLTSA Station Titiwangsa | N53: WES Wayside Department | Q53: MRWSU001 1003 Inspection - 1 Week Interval | R53: PM Inspection for Titiwangsa | S53: PM COMPLETED | T53: [{'task': '0001', 'description': '1001'}] | U53: [{'staff_id': '10007094', 'name': 'MOHAMAD IRZAN BIN YUSOF', 'plan_start_date_time': '00:00:00', 'plan_end_date_time': '00:00:00', 'total_hours': ''}] | V53: Pm Complete | W53: [{'item': '0001', 'object_part': 'Station Power Supply', 'damage': ''}] | X53: [{'item': '0001', 'cause': 'Scheduled maintenance'}] | Y53: [{'item': '0001', 'activity': 'Check/Inspect -'}] | Z53: 24/03/2025 | AA53: 19234 | AB53: PS_PM_WEK_StationInspection_4000665130.pdf
A54: 12423540 | B54: M7 | C54: 17/03/2025 | D54: 0805 | E54: 24/03/2025 | F54: WS10 | G54: IP1020250317 | H54: 4000665131 | K54: NOPR NOPT ORAS OSTS | L54: CLS ACK | M54: PRAL-MRL-WS-STN-MRLCIT Station Chow Kit | N54: WES Wayside Department | Q54: MRWSU001 1003 Inspection - 1 Week Interval | R54: PM Inspection for Chow Kit Station | S54: -PM COMPLETED | T54: [{'task': '0001', 'description': '1001'}] | U54: [{'staff_id': '10007094', 'name': 'MOHAMAD IRZAN BIN YUSOF', 'plan_start_date_time': '00:00:00', 'plan_end_date_time': '00:00:00', 'total_hours': ''}] | V54: Pm Complete | W54: [{'item': '0001', 'object_part': 'Station Power Supply', 'damage': ''}] | X54: [{'item': '0001', 'cause': 'Scheduled maintenance'}] | Y54: [{'item': '0001', 'activity': 'Check/Inspect -'}] | Z54: 24/03/2025 | AA54: 7114 | AB54: PS_PM_WEK_StationInspection_4000665131.pdf
A55: 11891013 | B55: M7 | C55: 01/01/2022 | D55: 0805 | E55: 07/01/2022 | F55: WS10 | G55: IP1020220101 | H55: 4000443599 | K55: NOPR ORAS | L55: REQ | M55: PRAL-MRL-WS-STN-MRLTUN Station Tun Sambanthan | N55: WES Wayside Department | Q55: MRWSU001 1003 | R55: PM Inspection for Tun Sambanthan Station | S55: PM Inspection for Tun Sambanthan Station | T55: [] | U55: [{'staff_id': '', 'name': 'ANS', 'plan_start_date_time': '', 'plan_end_date_time': '', 'total_hours': ''}] | V55: Pm complete | W55: [] | X55: [] | Y55: [] | Z55: 07/01/2022 | AA55: 7099 | AB55: PS_PM_WEK_StationInspection_4000443599.pdf
A56: 11906728 | B56: M7 | C56: 05/02/2022 | D56: 0805 | E56: 11/02/2022 | F56: WS10 | G56: IP1020220205 | H56: 4000448900 | K56: NOPR ORAS | L56: REQ | M56: PRAL-MRL-WS-STN-MRLMAH Station Maharajalela | N56: WES Wayside Department | Q56: MRWSU001 1003 | R56: PM Inspection for Maharaja Lela Station | S56: PM Inspection for Maharaja Lela Station | T56: [] | U56: [] | V56: PM Complete | W56: [] | X56: [] | Y56: [] | Z56: 14/02/2022 | AA56: 7013 | AB56: PS_PM_WEK_StationInspection_4000448900.pdf
A57: 12440738 | B57: M7 | C57: 24/04/2025 | D57: 0805 | E57: 01/05/2025 | F57: WS10 | G57: IP1020250424 | H57: 4000673155 | K57: NOPR NOPT ORAS OSTS | L57: CLS ACK | M57: PRAL-MRL-WS-STN-MRLHAH Station Hang Tuah | N57: WES Wayside Department | Q57: MRWSU001 1003 Inspection - 1 Week Interval | R57: PM Inspection for Hang Tuah Station | S57: -PM COMPLETED | T57: [{'task': '0001', 'description': '1001'}] | U57: [{'staff_id': '10019924', 'name': 'AHMAD JURIJ BIN AMIRUDIN', 'plan_start_date_time': '00:00:00', 'plan_end_date_time': '00:00:00', 'total_hours': ''}] | V57: Pm Complete | W57: [{'item': '0001', 'object_part': 'Station Power Supply', 'damage': ''}] | X57: [{'item': '0001', 'cause': 'Scheduled maintenance'}] | Y57: [{'item': '0001', 'activity': 'Check/Inspect -'}] | Z57: 01/05/2025 | AA57: 7094 | AB57: PS_PM_WEK_StationInspection_4000673155.pdf
A58: 12440739 | B58: M7 | C58: 24/04/2025 | D58: 0805 | E58: 01/05/2025 | F58: WS10 | G58: IP1020250424 | H58: 4000673154 | K58: NOPR NOPT ORAS OSTS | L58: CLS ACK | M58: PRAL-MRL-WS-STN-MRLIBI Station Imbi | N58: WES Wayside Department | Q58: MRWSU001 1003 Inspection - 1 Week Interval | R58: PM Inspection for Imbi Station | S58: -PM COMPLETED | T58: [{'task': '0001', 'description': '1001'}] | U58: [{'staff_id': '10019924', 'name': 'AHMAD JURIJ BIN AMIRUDIN', 'plan_start_date_time': '00:00:00', 'plan_end_date_time': '00:00:00', 'total_hours': ''}] | V58: Pm Complete | W58: [{'item': '0001', 'object_part': 'Station Power Supply', 'damage': ''}] | X58: [{'item': '0001', 'cause': 'Scheduled maintenance'}] | Y58: [{'item': '0001', 'activity': 'Check/Inspect -'}] | Z58: 01/05/2025 | AA58: 7094 | AB58: PS_PM_WEK_StationInspection_4000673154.pdf
A59: 12440881 | B59: M7 | C59: 25/04/2025 | D59: 0805 | E59: 02/05/2025 | F59: WS10 | G59: IP1020250425 | H59: 4000673464 | K59: NOPR NOPT ORAS OSTS | L59: CLS ACK | M59: PRAL-MRL-WS-STN-MRLTUN Station Tun Sambanthan | N59: WES Wayside Department | R59: MRWSU001 1003 Inspection - 1 Week Interval | S59: PM Inspection for Tun Sambanthan Station -PM COMPLETED | T59: [{'task': '0001', 'description': '1001'}] | U59: [{'staff_id': '10019924', 'name': 'AHMAD JURIJ BIN AMIRUDIN', 'plan_start_date_time': '00:00:00', 'plan_end_date_time': '00:00:00', 'total_hours': ''}] | V59: Pm Complete | W59: [{'item': '0001', 'object_part': 'Station Power Supply', 'damage': ''}] | X59: [{'item': '0001', 'cause': 'Scheduled maintenance'}] | Y59: [{'item': '0001', 'activity': 'Check/Inspect -'}] | Z59: 02/05/2025 | AA59: 7094 | AB59: PS_PM_WEK_StationInspection_4000673464.pdf
A60: 12440880 | B60: M7 | C60: 25/04/2025 | D60: 0805 | E60: 02/05/2025 | F60: WS10 | G60: IP1020250425 | H60: 4000673465 | K60: NOPR NOPT ORAS OSTS | L60: CLS ACK | M60: PRAL-MRL-WS-STN-MRLMAH Station Maharajalela | N60: WES Wayside Department | Q60: MRWSU001 1003 Inspection - 1 Week Interval | R60: PM Inspection for Maharaja Lela Station | S60: -PM COMPLETED | T60: [{'task': '0001', 'description': '1001'}] | U60: [{'staff_id': '10019924', 'name': 'AHMAD JURIJ BIN AMIRUDIN', 'plan_start_date_time': '00:00:00', 'plan_end_date_time': '00:00:00', 'total_hours': ''}] | V60: PM Complete | W60: [{'item': '0001', 'object_part': 'Station Power Supply', 'damage': ''}] | X60: [{'item': '0001', 'cause': 'Scheduled maintenance'}] | Y60: [{'item': '', 'activity': ''}] | Z60: 02/05/2025 | AA60: 7094 | AB60: PS_PM_WEK_StationInspection_4000673465.pdf
A61: 11893520 | B61: M7 | C61: 05/01/2022 | D61: 0805 | E61: 11/01/2022 | F61: WS10 | G61: IP1020220105 | H61: 4000443610 | K61: NOPR ORAS | L61: REQ | M61: PRAL-MRL-WS-STN-MRLMKU Station Medan Tuanku | N61: WES Wayside Department | Q61: MRWSU001 1003 | R61: PM Inspection for Medan Tuanku Station | S61: PM Inspection for Medan Tuanku Station | T61: [{'task': '', 'description': ''}] | U61: [{'staff_id': '', 'name': 'Afms', 'plan_start_date_time': '', 'plan_end_date_time': '', 'total_hours': ''}] | V61: Pm Complete | W61: [{'item': '', 'object_part': '', 'damage': ''}] | X61: [{'item': '', 'cause': ''}] | Y61: [{'item': '', 'activity': ''}] | Z61: 11/01/2022 | AA61: 7099 | AB61: PS_PM_WEK_StationInspection_4000443610.pdf
A62: 12394045 | B62: M7 | C62: 11/01/2025 | D62: 0805 | E62: 18/01/2025 | F62: WS10 | G62: IP1020250111 | H62: 4000654946 | K62: NOPR NOPT ORAS OSTS | L62: CLS ACK | M62: PRAL-MRL-WS-TPS-MRLSSZ TPSS - Sultan Sulaiman | N62: WES Wayside Department | Q62: MRWSU001 I003 Inspection - 1 Week Interval | R62: PM Inspection for Sultan Sulaiman TPSS | S62: - PM COMPLETE | T62: ['1001'] | U62: [{'Staff ID': '10011858', 'Name': 'NAZRULSHAH BIN MOHAMAD JUBERI'}] | V62: All in good condition | W62: ['TPSS'] | X62: ['Scheduled maintenance'] | Y62: ['Check/Inspect -'] | Z62: 18/01/2025 | AA62: 11858 | AB62: PS_PM_WEK_TPSS_4000654946.pdf
A63: 12380940 | B63: M7 | C63: 13/12/2024 | D63: 0805 | E63: 20/12/2024 | F63: WS10 | G63: IP1020241213 | H63: 4000655148 | K63: NOPR NOPT ORAS OSTS | L63: CLS ACK | M63: PRAL-MRL-WS-STN-MRLMAH Station Maharajalela | N63: WES Wayside Department | Q63: MRWSU001 I003 Inspection - 1 Week Interval | R63: PM Inspection for Maharaja Lela Station | S63: PM COMPLETE | T63: [{'task': '0001', 'description': 'I001'}] | U63: [{'staff_id': '10007094', 'name': 'MOHAMAD IRZAN BIN YUSOF', 'plan_start_date_time': '00:00:00', 'plan_end_date_time': '00:00:00', 'total_hours': ''}] | V63: Pm complete. | W63: [{'item': '0001', 'object_part': 'Station Power Supply', 'damage': ''}] | X63: [{'item': '0001', 'cause': 'Scheduled maintenance'}] | Y63: [{'item': '0001', 'activity': 'Check / Inspect -'}] | Z63: 13/12/2024 | AA63: 11858 | AB63: PS_PM_WEK_StationInspection_4000655148.pdf
A64: 12383048 | B64: M7 | C64: 18/12/2024 | D64: 0805 | E64: 25/12/2024 | F64: WS10 | G64: IP1020241218 | H64: 4000655161 | K64: NOPR NOPT ORAS OSTS | L64: CLS ACK | M64: PRAL-MRL-WS-STN-MRLBNG Station Bukit Bintang | N64: WES Wayside Department | Q64: MRWSU001 I003 Inspection - 1 Week Interval | R64: PM Inspection for Bukit Bintang Station | S64: -PM COMPLETE | T64: [{'task': '0001', 'description': 'I001'}] | U64: [{'staff_id': '10019234', 'name': 'MOHAMAD NORIEZUWADI BIN ZUL', 'plan_start_date_time': '00:00:00', 'plan_end_date_time': '00:00:00', 'total_hours': ''}] | V64: pm Complete. | W64: [{'item': '0001', 'object_part': 'Station Power Supply', 'damage': ''}] | X64: [{'item': '0001', 'cause': 'Scheduled maintenance'}] | Y64: [{'item': '0001', 'activity': 'Check / Inspect -'}] | Z64: 18/12/2024 | AA64: 19234 | AB64: PS_PM_WEK_StationInspection_4000655161.pdf
A65: 12428695 | B65: M7 | C65: 29/03/2025 | D65: 0805 | E65: 05/04/2025 | F65: WS10 | G65: IP1020250329 | H65: 4000669130 | K65: NOPR NOPT ORAS OSTS | L65: CLS ACK | M65: PRAL-MRL-WS-TPS-MRLSSZ TPSS - Sultan Sulaiman | N65: WES Wayside Department | Q65: MRWSU001 1003 Inspection - 1 Week Interval | R65: PM Inspection for Sultan Sulaiman TPSS | S65: -PM COMPLETED | T65: ['1001'] | U65: [{'staff_id': '10020158', 'name': 'MUHAMMAD HAKIM BIN MOHAMED IHSAN', 'plan_start_date_&_time': '00:00:00', 'plan_end_date_&_time': '00:00:00', 'total_(hours)': ''}] | V65: All in good condition | W65: ['TPSS'] | X65: ['Scheduled maintenance'] | Y65: ['Check/Inspect -'] | Z65: 05/04/2025 | AA65: 7094 | AB65: PS_PM_WEK_TPSS_4000669130.pdf
A66: 12407634 | B66: M7 | C66: 12/02/2025 | D66: 0805 | E66: 19/02/2025 | F66: WS20 | G66: IP1020250212 | H66: 4000657495 | K66: NOPR NOPT ORAS OSTS | L66: CLS ACK | M66: PRAL-MRL-WS-STN-MRLRAN Station Raja Chulan | N66: WES Wayside Department | Q66: MRWSU001 1006 Inspection -3 Months Interval | R66: PM Inspection for Raja Chulan Station | S66: - PM COMPLETE | T66: [{'task': '0001', 'description': '1001'}] | U66: [{'staff_id': '10019924', 'name': 'AHMAD JURIJ BIN AMIRUDIN', 'plan_start_date_time': '00:00:00', 'plan_end_date_time': '00:00:00', 'total_hours': ''}] | V66: PM COMPLETE | W66: [{'item': '0001', 'object_part': 'Station Power Supply', 'damage': ''}] | X66: [{'item': '0001', 'cause': 'Scheduled maintenance'}] | Y66: [{'item': '0001', 'activity': 'Check/Inspect -'}] | Z66: 19/02/2025 | AA66: 19924 | AB66: PS_PM_WEK_StationInspection_4000657495.pdf
A67: 11903740 | B67: M7 | C67: 01/02/2022 | D67: 0805 | E67: 07/02/2022 | F67: WS10 | G67: IP1020220201 | H67: 4000448505 | K67: NOPR ORAS | L67: REQ | M67: PRAL-MRL-WS-STN-MRLCIT Station Chow Kit | N67: WES Wayside Department | Q67: MRWSU0011003 | S67: PM Inspection for Chow Kit Station | T67: [{'task': '', 'description': ''}] | U67: [{'staff_id': '', 'name': '', 'plan_start_date_time': '', 'plan_end_date_time': '', 'total_hours': ''}] | V67: Pm Complete | W67: [{'item': '', 'object_part': '', 'damage': ''}] | X67: [{'item': '', 'cause': ''}] | Y67: [{'item': '', 'activity': ''}] | Z67: 07/02/2022 | AA67: 7099 | AB67: PS_PM_WEK_StationInspection_4000448505.pdf
A68: 12425605 | B68: M7 | C68: 21/03/2025 | D68: 0805 | E68: 28/03/2025 | F68: WS10 | G68: IP1020250321 | H68: 4000666192 | K68: NOPR NOPT ORAS OSTS | L68: CLS ACK | M68: PRAL-MRL-WS-TPS-MRLHTZ TPSS - Hang Tuah | N68: WES Wayside Department | Q68: MRWSU001 1003 Inspection - 1 Week Interval | S68: PM Inspection for Hang Tuah TPSS -PM COMPLETED | T68: ['1001'] | U68: [{'Staff ID': '10019924', 'Name': 'AHMAD JURIJ BIN AMIRUDIN', 'Plan Start Date & Time': '000000', 'Plan End Date & Time': '000000', 'Total (Hours)': ''}] | V68: All in good Condition | W68: ['TPSS'] | X68: ['Scheduled maintenance'] | Y68: ['Check / Inspect -'] | Z68: 28/03/2025 | AA68: 19924 | AB68: PS_PM_WEK_TPSS_4000666192.pdf
A69: 12364241 | B69: M7 | C69: 02/11/2024 | D69: 0805 | E69: 09/11/2024 | F69: WS10 | G69: IP1020241102 | H69: 4000643566 | K69: NOPR NOPT ORAS OSTS | L69: CLS ACK | M69: PRAL-MRL-WS-TPS-MRLSSZ TPSS - Sultan Sulaiman | N69: WES Wayside Department | Q69: MRWSU001 1003 Inspection - 1 Week Interval | R69: PM Inspection for Sultan Sulaiman TPSS | S69: PM Inspection for Sultan Sulaiman TPSS PM COMPLETE | T69: ['1001'] | U69: [{'staff_id': '10007114', 'name': 'DINESH KUMAR A/L VARUTHER\nRAJOO'}] | V69: Pm complete. | W69: ['TPSS'] | X69: ['Scheduled maintenance'] | Y69: ['Check / Inspect -'] | Z69: 02/11/2024 | AA69: 7114 | AB69: PS_PM_WEK_TPSS_4000643566.pdf
A70: 12380939 | B70: M7 | C70: 13/12/2024 | D70: 0805 | E70: 20/12/2024 | F70: WS10 | G70: IP1020241213 | H70: 4000655150 | K70: NOPR NOPT ORAS OSTS | L70: CLS ACK | M70: PRAL-MRL-WS-TPS-MRLHTZ TPSS - Hang Tuah | N70: WES Wayside Department | Q70: MRWSU001 1003 Inspection - 1 Week Interval | R70: PM Inspection for Hang Tuah TPSS | S70: PM COMPLETE | T70: ['1001'] | U70: [{'Staff ID': '10007094', 'Name': 'MOHAMAD IRZAN BIN YUSOF', 'Plan Start Date & Time': '00:00:00', 'Plan End Date & Time': '00:00:00', 'Total (Hours)': ''}] | V70: Pm Complete. | W70: ['TPSS'] | X70: ['Scheduled maintenance'] | Y70: ['Check / Inspect -'] | Z70: 13/12/2024 | AA70: 7114 | AB70: PS_PM_WEK_TPSS_4000655150.pdf
A71: 12386070 | B71: M7 | C71: 28/12/2024 | D71: 0805 | E71: 04/01/2025 | F71: WS10 | G71: IP1020241228 | H71: 4000655190 | K71: NOPR NOPT ORAS OSTS | L71: CLS ACK | M71: PRAL-MRL-WS-TPS-MRLSSZ TPSS - Sultan Sulaiman | N71: WES Wayside Department | Q71: MRWSU001 1003 Inspection - 1 Week Interval | R71: PM Inspection for Sultan Sulaiman TPSS | S71: - PM COMPLETE | T71: ['1001'] | U71: [{'Staff ID': '10012660', 'Name': 'MUHAMAD SHAZWAN BIN MOHAMMAD RASUDIN', 'Plan Start Date & Time': '00:00:00', 'Plan End Date & Time': '00:00:00'}] | V71: All in good condition | W71: ['TPSS'] | X71: ['Scheduled maintenance'] | Y71: ['Check / Inspect -'] | Z71: 28/12/2024 | AA71: 7094 | AB71: PS_PM_WEK_TPSS_4000655190.pdf
A72: 12386871 | B72: M7 | C72: 31/12/2024 | D72: 0805 | E72: 07/01/2025 | F72: WS10 | G72: IP1020241231 | H72: 4000655197 | K72: NOPR NOPT ORAS OSTS | L72: CLS ACK | M72: PRAL-MRL-WS-TPS-MRLTTZ TPSS - Titiwangsa | N72: WES Wayside Department | Q72: MRWSU001 1003 Inspection - 1 Week Interval | R72: PM Inspection for Titiwangsa TPSS | S72: PM COMPLETE | T72: ['1001'] | U72: [{'staff_id': '10007094', 'name': 'MOHAMAD IRZAN BIN YUSOF', 'plan_start_date_&_time': '00:00:00', 'plan_end_date_&_time': '00:00:00'}] | V72: Pm complete | W72: ['TPSS'] | X72: ['Scheduled maintenance'] | Y72: ['Check/Inspect -'] | Z72: 31/12/2024 | AA72: 7114 | AB72: PS_PM_WEK_TPSS_4000655197.pdf
A73: 12385721 | B73: M7 | C73: 27/12/2024 | D73: 0805 | E73: 03/01/2025 | F73: WS10 | G73: IP1020241227 | H73: 4000655187 | K73: NOPR NOPT ORAS OSTS | L73: CLS ACK | M73: PRAL-MRL-WS-TPS-MRLHTZ TPSS - Hang Tuah | N73: WES Wayside Department | Q73: MRWSU001 1003 Inspection - 1 Week Interval | R73: PM Inspection for Hang Tuah TPSS | S73: - PM COMPLETE | T73: ['1001'] | U73: [{'staff_id': '10007114', 'name': 'DINESH KUMAR A/L VARUTHER', 'plan_start_date_&_time': '00:00:00', 'plan_end_date_&_time': '00:00:00', 'total_hours': ''}] | V73: All in good condition | W73: ['TPSS'] | X73: ['Scheduled maintenance'] | Y73: ['Check / Inspect -'] | Z73: 03/01/2025 | AA73: 19234 | AB73: PS_PM_WEK_TPSS_4000655187.pdf
A74: 11897520 | B74: M7 | C74: 18/01/2022 | D74: 0805 | E74: 24/01/2022 | F74: WS10 | G74: IP1020220118 | H74: 4000445986 | K74: NOPR ORAS | L74: REQ | M74: PRAL-MRL-WS-STN-MRLCIT Station Chow Kit | N74: WES Wayside Department | Q74: MRWSU001 1003 | R74: PM Inspection for Chow Kit Station | S74: PM Inspection for Chow Kit Station | T74: [] | U74: [] | V74: pm complete | W74: [] | X74: [] | Y74: [] | Z74: 24/01/2022 | AA74: ALI AKHBAR | AB74: PS_PM_WEK_StationInspection_4000445986.pdf
A75: 12406488 | B75: M7 | C75: 08/02/2025 | D75: 0805 | E75: 15/02/2025 | F75: WS10 | G75: IP1020250208 | H75: 4000657430 | K75: NOPR NOPT ORAS OSTS | L75: CLS ACK | M75: PRAL-MRL-WS-TPS-MRLSSZ TPSS - Sultan Sulaiman | N75: WES Wayside Department | Q75: MRWSU001 1003 Inspection - 1 Week Interval | R75: PM Inspection for Sultan Sulaiman TPSS | S75: - PM COMPLETE | T75: ['1001'] | U75: [{'staff_id': '10019234', 'name': 'MOHAMAD NORIEZUWADI BIN ZUL', 'plan_start_date_time': '00:00:00', 'plan_end_date_time': '00:00:00', 'total': ''}] | V75: OM COMPLETE | W75: [{'item': '0001', 'object_part': 'TPSS', 'damage': ''}] | X75: [{'item': '0001', 'cause': 'Scheduled maintenance'}] | Y75: [{'item': '0001', 'activity': 'Check/Inspect -'}] | Z75: 08/02/2025 | AA75: 19234 | AB75: PS_PM_WEK_TPSS_4000657430.pdf
A76: 12439174 | B76: M7 | C76: 19/04/2025 | D76: 0805 | E76: 26/04/2025 | F76: WS10 | G76: IP1020250419 | H76: 4000672481 | K76: NOPR NOPT ORAS OSTS | L76: CLS ACK | M76: PRAL-MRL-WS-STN-MRLKLS Station KL Sentral | N76: WES Wayside Department | Q76: MRWSU001 1003 Inspection - 1 Week Interval | R76: PM Inspection for KL Sentral Station | S76: -PM COMPLETED | T76: [{'task': '0001', 'description': '1001'}] | U76: [{'staff_id': '10007094', 'name': 'MOHAMAD IRZAN BIN YUSOF', 'plan_start_date_time': '00:00:00', 'plan_end_date_time': '00:00:00', 'total_hours': ''}] | V76: Pm Complete | W76: [{'item': '0001', 'object_part': 'Station Power Supply', 'damage': ''}] | X76: [{'item': '0001', 'cause': 'Scheduled maintenance'}] | Y76: [{'item': '0001', 'activity': 'Check / Inspect -'}] | Z76: 26/04/2025 | AA76: 7094 | AB76: PS_PM_WEK_StationInspection_4000672481.pdf
A77: 12421659 | B77: M7 | C77: 11/03/2025 | D77: 0805 | E77: 18/03/2025 | F77: WS10 | G77: IP1020250311 | H77: 4000663655 | K77: NOPR NOPT ORAS OSTS | L77: CLS ACK | M77: PRAL-MRL-WS-TPS-MRLTTZ TPSS - Titiwangsa | N77: WES Wayside Department | Q77: MRWSU001 1003 Inspection - 1 Week Interval | R77: PM Inspection for Titiwangsa TPSS | S77: -PM COMPLETE | T77: ['1001'] | U77: [{'Staff ID': '10012660', 'Name': 'MUHAMAD SHAZWAN BIN MOHAMMAD RASUDIN'}] | V77: Pm complete. | W77: ['TPSS'] | X77: ['Scheduled maintenance'] | Y77: ['Check/Inspect -'] | Z77: 18/03/2025 | AA77: 19234 | AB77: PS_PM_WEK_TPSS_4000663655.pdf
A78: 12441301 | B78: M7 | C78: 26/04/2025 | D78: 0805 | E78: 03/05/2025 | F78: WS10 | G78: IP1020250426 | H78: 4000673613 | K78: NOPR NOPT ORAS OSTS | L78: CLS ACK | M78: PRAL-MRL-WS-TPS-MRLSSZ TPSS - Sultan Sulaiman | N78: WES Wayside Department | Q78: MRWSU001 1003 Inspection - 1 Week Interval | R78: PM Inspection for Sultan Sulaiman TPSS | S78: -PM COMPLETED | T78: ['1001'] | U78: [{'staff_id': '10019924', 'name': 'AHMAD JURIJ BIN AMIRUDIN', 'plan_start_date_time': '00:00:00', 'plan_end_date_time': '00:00:00', 'total_hours': ''}] | V78: PM COMPLETE | W78: [{'item': '0001', 'object_part': 'TPSS', 'damage': ''}] | X78: [{'item': '0001', 'cause': 'Scheduled maintenance'}] | Y78: [{'item': '0001', 'activity': 'Check/Inspect -'}] | Z78: 03/05/2025 | AA78: 19924 | AB78: PS_PM_WEK_TPSS_4000673613_1.pdf
A79: 12440740 | B79: M7 | C79: 24/04/2025 | D79: 0805 | E79: 01/05/2025 | F79: WS10 | G79: IP1020250424 | H79: 4000673153 | K79: NOPR NOPT ORAS OSTS | L79: CLS ACK | M79: PRAL-MRL-WS-TPS-MRLMTZ TPSS - Medan Tuanku | N79: WES Wayside Department | Q79: MRWSU001 1003 Inspection - 1 Week Interval | R79: PM Inspection for Medan Tuanku TPSS | S79: -PM COMPLETED | T79: ['1001'] | U79: [{'staff_id': '10019924', 'name': 'AHMAD JURIJ BIN AMIRUDIN'}] | V79: Pm Complete | W79: ['TPSS'] | X79: ['Scheduled maintenance'] | Y79: ['Check/Inspect -'] | Z79: 01/05/2025 | AA79: 7094 | AB79: PS_PM_WEK_TPSS_4000673153.pdf
A80: 12441301 | B80: M7 | C80: 26/04/2025 | D80: 0805 | E80: 03/05/2025 | F80: WS10 | G80: IP1020250426 | H80: 4000673613 | K80: NOPR NOPT ORAS OSTS | L80: CLS ACK | M80: PRAL-MRL-WS-TPS-MRLSSZ TPSS - Sultan Sulaiman | N80: WES Wayside Department | Q80: MRWSU001 1003 Inspection - 1 Week Interval | R80: PM Inspection for Sultan Sulaiman TPSS | S80: -PM COMPLETED | T80: ['1001'] | U80: [{'staff_id': '10019924', 'name': 'AHMAD JURIJ BIN AMIRUDIN'}] | V80: PM CompletE | W80: ['TPSS'] | X80: ['Scheduled maintenance'] | Y80: ['Check/Inspect -'] | Z80: 03/05/2025 | AA80: 7094 | AB80: PS_PM_WEK_TPSS_4000673613.pdf
A81: 12407195 | B81: M7 | C81: 11/02/2025 | D81: 0805 | E81: 18/02/2025 | F81: WS10 | G81: IP1020250211 | H81: 4000657492 | K81: NOPR NOPT ORAS OSTS | L81: CLS ACK | M81: PRAL-MRL-WS-TPS-MRLTTZ TPSS - Titiwangsa | N81: WES Wayside Department | R81: MRWSU001 1006 Inspection - 3 Months Interval | S81: - PM Inspection for Titiwangsa TPSS - PM COMPLETE | T81: ['1001'] | U81: [{'staff_id': '10019924', 'name': 'AHMAD JURIJ BIN AMIRUDIN', 'plan_start_date_&_time': '00:00:00', 'plan_end_date_&_time': '00:00:00', 'total': ''}] | V81: IM COMPLETE | W81: [{'item': '0001', 'object_part': 'TPSS', 'damage': ''}] | X81: [{'item': '0001', 'cause': 'Scheduled maintenance', 'damage': ''}] | Y81: [{'item': '0001', 'activity': 'Check / Inspect -', 'damage': ''}] | Z81: 18/2/25 | AA81: JURIJ | AB81: PS_PM_WEK_TPSS_4000657492.pdf
A82: 11899512 | B82: M7 | C82: 06/02/2022 | D82: 0805 | E82: 12/02/2022 | F82: WS10 | G82: IP1020220206 | H82: 4000448914 | K82: NOPR ORAS | L82: REQ | M82: PRAL-MRL-WS-TPS-MRLSSZ TPSS - Sultan Sulaiman | N82: WES Wayside Department | Q82: MRWSU001 1003 | R82: PM Inspection for Sultan Sulaiman TPSS | S82: PM Inspection for Sultan Sulaiman TPSS | T82: [] | U82: [] | V82: PM complete | W82: [] | X82: [] | Y82: [] | Z82: 12/02/2022 | AA82: 7091 | AB82: PS_PM_WEK_TPSS_4000448914.pdf
A83: 11892698 | B83: M7 | C83: 02/01/2022 | D83: 0805 | E83: 08/01/2022 | F83: WS10 | G83: IP1020220102 | H83: 4000443602 | K83: NOPR ORAS | L83: REQ | M83: PRAL-MRL-WS-STN-MRLKLS Station KL Sentral | N83: WES Wayside Department | Q83: MRWSU001 1003 | R83: PM Inspection for KL Sentral Station | S83: PM Inspection for KL Sentral Station | T83: [] | U83: [{'staff_id': '', 'name': 'mmms', 'plan_start_date_time': '', 'plan_end_date_time': '', 'total_hours': ''}] | V83: Pm complete | W83: [] | X83: [] | Y83: [] | Z83: 08/11/2022 | AA83: 7091 | AB83: PS_PM_WEK_StationInspection_4000443602.pdf
A84: 11896519 | B84: M7 | C84: 15/01/2022 | D84: 0805 | E84: 21/01/2022 | F84: WS10 | G84: IP1020220115 | H84: 4000445979 | I84: NOPR ORAS | L84: REQ | M84: PRAL-MRL-WS-STN-MRLTUN Station Tun Sambanthan | N84: WES Wayside Department | Q84: MRWSU001 1003 | S84: PM Inspection for Tun Sambanthan Station | T84: [] | U84: [] | V84: Pm complete | W84: [] | X84: [] | Y84: [] | Z84: 21/01/2022 | AA84: 7091 | AB84: PS_PM_WEK_StationInspection_4000445979.pdf
A85: 11901027 | B85: M7 | C85: 29/01/2022 | D85: 0805 | E85: 04/02/2022 | F85: WS10 | G85: IP1020220129 | H85: 4000448498 | K85: NOPR ORAS | L85: REQ | M85: PRAL-MRL-WS-STN-MRLTUN Station Tun Sambanthan | N85: WES Wayside Department | Q85: MRWSU001 1003 | R85: PM Inspection for Tun Sambanthan Station | S85: PM Inspection for Tun Sambanthan Station | T85: [] | U85: [] | V85: PM Complete | W85: [] | X85: [] | Y85: [] | Z85: 04/02/2022 | AA85: 7099 | AB85: PS_PM_WEK_StationInspection_4000448498.pdf
A86: 11901026 | B86: M7 | C86: 29/01/2022 | D86: 0805 | E86: 04/02/2022 | F86: WS10 | G86: IP1020220129 | H86: 4000448497 | K86: NOPR ORAS | L86: REQ | M86: PRAL-MRL-WS-STN-MRLMAH Station Maharajalela | N86: WES Wayside Department | Q86: MRWSU001 1003 | R86: PM Inspection for Maharaja Lela Station | S86: PM Inspection for Maharaja Lela Station | T86: [] | U86: [] | V86: pm complete | W86: [] | X86: [] | Y86: [] | Z86: 04/02/2022 | AA86: 7099 | AB86: PS_PM_WEK_StationInspection_4000448497.pdf
A87: 11896518 | B87: M7 | C87: 15/01/2022 | D87: 0805 | E87: 21/01/2022 | F87: WS10 | G87: IP1020220115 | H87: 4000445978 | K87: NOPR ORAS | L87: REQ | M87: PRAL-MRL-WS-STN-MRLMAH Station Maharajalela | N87: WES Wayside Department | Q87: MRWSU001 1003 | R87: PM Inspection for Maharaja Lela Station | S87: PM Inspection for Maharaja Lela Station | T87: [] | U87: [] | V87: PM complete | W87: [] | X87: [] | Y87: [] | Z87: 21/01/2022 | AA87: 7091 | AB87: PS_PM_WEK_StationInspection_4000445978.pdf
A88: 11900695 | B88: M7 | C88: 28/01/2022 | D88: 0805 | E88: 03/02/2022 | F88: WS10 | G88: IP1020220128 | H88: 4000448494 | K88: NOPR ORAS | L88: REQ | M88: PRAL-MRL-WS-STN-MRLHAH Station Hang Tuah | N88: WES Wayside Department | Q88: MRWSU001 1003 | R88: PM Inspection for Hang Tuah Station | S88: PM Inspection for Hang Tuah Station | T88: [] | U88: [] | V88: pm complete | W88: [] | X88: [] | Y88: [] | Z88: 03/02/2022 | AA88: 7013 | AB88: PS_PM_WEK_StationInspection_4000448494.pdf
A89: 11896023 | B89: M7 | C89: 14/01/2022 | D89: 0805 | E89: 20/01/2022 | F89: WS10 | G89: IP1020220114 | H89: 4000445975 | K89: NOPR ORAS | L89: REQ | M89: PRAL-MRL-WS-STN-MRLHAH Station Hang Tuah | N89: WES Wayside Department | Q89: MRWSU001 1003 | R89: PM Inspection for Hang Tuah Station | S89: PM Inspection for Hang Tuah Station | T89: [] | U89: [] | V89: PM COMPLETE | W89: [] | X89: [] | Y89: [] | Z89: 20/01/2022 | AA89: 7094 | AB89: PS_PM_WEK_StationInspection_4000445975.pdf
A90: 11896024 | B90: M7 | C90: 14/01/2022 | D90: 0805 | E90: 20/01/2022 | F90: WS10 | G90: IP1020220114 | H90: 4000445976 | K90: NOPR ORAS | L90: REQ | M90: PRAL-MRL-WS-STN-MRLIBI Station Imbi | N90: WES Wayside Department | Q90: MRWSU0011003 | R90: PM Inspection for Imbi Station | S90: PM Inspection for Imbi Station | T90: [] | U90: [] | V90: Pm complete | W90: [] | X90: [] | Y90: [] | Z90: 20/01/2022 | AA90: 7094 | AB90: PS_PM_WEK_StationInspection_4000445976.pdf
A91: 11894130 | B91: M7 | C91: 07/01/2022 | D91: 0805 | E91: 13/01/2022 | F91: WS10 | G91: IP1020220107 | H91: 4000443615 | K91: NOPR ORAS | L91: REQ | M91: PRAL-MRL-WS-STN-MRLIBI Station Imbi | N91: WES Wayside Department | Q91: MRWSU001 1003 | R91: PM Inspection for Imbi Station | S91: PM Inspection for Imbi Station | T91: [] | U91: [{'staff_id': '', 'name': 'mi ns', 'plan_start_date_time': '', 'plan_end_date_time': '', 'total_hours': ''}] | V91: Pm Complete | W91: [] | X91: [] | Y91: [] | Z91: 13/01/2022 | AA91: 7094 | AB91: PS_PM_WEK_StationInspection_4000443615.pdf
A92: 11898628 | B92: M7 | C92: 21/01/2022 | D92: 0805 | E92: 27/01/2022 | F92: WS10 | G92: IP1020220121 | H92: 4000446666 | K92: NOPR ORAS | L92: REQ | M92: PRAL-MRL-WS-STN-MRLIBI Station Imbi | N92: WES Wayside Department | Q92: MRWSU001 1003 | R92: PM Inspection for Imbi Station | S92: PM Inspection for Imbi Station | T92: [{'task': '', 'description': ''}] | U92: [{'staff_id': '', 'name': 'At, ms', 'plan_start_date_time': '', 'plan_end_date_time': '', 'total_hours': ''}] | V92: Pm Complete | W92: [{'item': '', 'object_part': '', 'damage': ''}] | X92: [{'item': '', 'cause': ''}] | Y92: [{'item': '', 'activity': ''}] | Z92: 21/01/2022 | AA92: 7099 | AB92: PS_PM_WEK_StationInspection_4000446666.pdf
A93: 12389283 | B93: M7 | C93: 01/01/2025 | D93: 0805 | E93: 08/01/2025 | F93: WS10 | G93: IP1020250101 | H93: 4000654205 | K93: NOPR NOPT ORAS OSTS | L93: CLS ACK | M93: PRAL-MRL-WS-STN-MRLBNG Station Bukit Bintang | N93: WES Wayside Department | Q93: MRWSU001 1003 | R93: Inspection - 1 Week Interval | S93: PM Inspection for Bukit Bintang Station PM Inspection for Bukit Bintang Station | T93: [{'task': '0001', 'description': 'PM Complete.'}] | U93: [{'staff_id': '10019924', 'name': 'AHMAD JURIJ BIN AMIRUDIN', 'plan_start_date_time': '00:00:00', 'plan_end_date_time': '00:00:00', 'total_hours': ''}] | V93: PM complete. | W93: [{'item': '0001', 'object_part': 'Main Switch Board', 'damage': ''}] | X93: [{'item': '0001', 'cause': 'Scheduled maintenance'}] | Y93: [{'item': '0001', 'activity': 'Check/Inspect -'}] | Z93: 08/01/2025 | AA93: 7114 | AB93: PS_PM_WEK_StationInspection_4000654205.pdf
A94: 12399456 | B94: M7 | C94: 28/01/2025 | D94: 0805 | E94: 04/02/2025 | F94: WS10 | G94: IP1020250128 | H94: 4000654634 | K94: NOPR NOPT ORAS OSTS | L94: CLS ACK | M94: PRAL-MRL-WS-STN-MRLMKU Station Medan Tuanku | N94: WES Wayside Department | Q94: MRWSU001 1003 Inspection - 1 Week Interval | R94: PM Inspection for Medan Tuanku Station | S94: - PM COMPLETE | T94: [{'task': '0001', 'description': '1001'}] | U94: [{'staff_id': '10011858', 'name': 'NAZRULSHAH BIN MOHAMAD JUBERI', 'plan_start_date_time': '00:00:00', 'plan_end_date_time': '00:00:00', 'total_hours': ''}] | V94: PM Complete | W94: [{'item': '0001', 'object_part': 'Station Power Supply', 'damage': ''}] | X94: [{'item': '0001', 'cause': 'Scheduled maintenance'}] | Y94: [{'item': '0001', 'activity': 'Check / Inspect -'}] | Z94: 04/02/25 | AA94: NAZRULSHAH | AB94: PS_PM_WEK_StationInspection_4000654634.pdf
A95: 12394044 | B95: M7 | C95: 11/01/2025 | D95: 0805 | E95: 18/01/2025 | F95: WS10 | G95: IP1020250111 | H95: 4000654945 | K95: NOPR NOPT ORAS OSTS | L95: CLS ACK | M95: PRAL-MRL-WS-STN-MRLKLS Station KL Sentral | N95: WES Wayside Department | Q95: MRWSU001 1003 Inspection - 1 Week Interval | R95: PM Inspection for KL Sentral Station | S95: - PM COMPLETE | T95: [{'task': '0001', 'description': '1001'}] | U95: [{'staff_id': '10011858', 'name': 'NAZRULSHAH BIN MOHAMAD JUBERI', 'plan_start_date_time': '00:00:00', 'plan_end_date_time': '00:00:00', 'total_hours': ''}] | V95: Pm complete | W95: [{'item': '0001', 'object_part': 'Station Power Supply', 'damage': ''}] | X95: [{'item': '0001', 'cause': 'Scheduled maintenance'}] | Y95: [{'item': '0001', 'activity': 'Check/Inspect -'}] | Z95: 18/1/25 | AA95: 11858 | AB95: PS_PM_WEK_StationInspection_4000654945.pdf
A96: 12393662 | B96: M7 | C96: 10/01/2025 | D96: 0805 | E96: 17/01/2025 | F96: WS10 | G96: IP1020250110 | H96: 4000654939 | K96: NOPR NOPT ORAS OSTS | L96: CLS ACK | M96: PRAL-MRL-WS-STN-MRLMAH Station Maharajalela | N96: WES Wayside Department | Q96: MRWSU001 1003 Inspection - 1 Week Interval | R96: PM Inspection for Maharaja Lela Station | S96: -PM COMPLETE | T96: [{'task': '0001', 'description': '1001'}] | U96: [{'staff_id': '10011858', 'name': 'NAZRULSHAH BIN MOHAMAD JUBERI', 'plan_start_date_time': '00:00:00', 'plan_end_date_time': '00:00:00', 'total_hours': ''}] | V96: In cuplete | W96: [{'item': '0001', 'object_part': 'Station Power Supply', 'damage': ''}] | X96: [{'item': '0001', 'cause': 'Scheduled maintenance'}] | Y96: [{'item': '0001', 'activity': 'Check / Inspect -'}] | Z96: 17/01/2025 | AA96: 11858 | AB96: PS_PM_WEK_StationInspection_4000654939.pdf
A97: 12380826 | B97: M7 | C97: 12/12/2024 | D97: 0805 | E97: 19/12/2024 | F97: WS10 | G97: IP1020241212 | H97: 4000655146 | K97: NOPR NOPT ORAS OSTS | L97: CLS ACK | M97: PRAL-MRL-WS-STN-MRLIBI Station Imbi | N97: WES Wayside Department | R97: MRWSU001 1003 Inspection - 1 Week Interval | S97: PM Inspection for Imbi Station PM COMPLETE | T97: [{'task': '0001', 'description': '1001'}] | U97: [{'staff_id': '10012660', 'name': 'MUHAMAD SHAZWAN BIN MOHAMMAD RASUDIN', 'plan_start_date_time': '00:00:00', 'plan_end_date_time': '00:00:00', 'total_hours': ''}] | V97: Pm complete. | W97: [{'item': '0001', 'object_part': 'Station Power Supply', 'damage': ''}] | X97: [{'item': '0001', 'cause': 'Scheduled maintenance'}] | Y97: [{'item': '0001', 'activity': 'Check/Inspect -'}] | Z97: 12/12/2024 | AA97: 12660 | AB97: PS_PM_WEK_StationInspection_4000655146.pdf
A98: 12382398 | B98: M7 | C98: 17/12/2024 | D98: 0805 | E98: 24/12/2024 | F98: WS10 | G98: IP1020241217 | H98: 4000655159 | K98: NOPR NOPT ORAS OSTS | L98: CLS ACK | M98: PRAL-MRL-WS-STN-MRLMKU Station Medan Tuanku | N98: WES Wayside Department | R98: MRWSU001 1003 Inspection - 1 Week Interval | S98: - PM COMPLETE | T98: [{'task': '0001', 'description': '1001'}] | U98: [{'staff_id': '10019234', 'name': 'MOHAMAD NORIEZUWADI BIN ZUL', 'plan_start_date_time': '00:00:00', 'plan_end_date_time': '00:00:00', 'total_hours': ''}] | V98: Pm complete. | W98: [{'item': '0001', 'object_part': 'Station Power Supply', 'damage': ''}] | X98: [{'item': '0001', 'cause': 'Scheduled maintenance'}] | Y98: [{'item': '0001', 'activity': 'Check / Inspect -'}] | Z98: 17/12/24 | AA98: 17234 | AB98: PS_PM_WEK_StationInspection_4000655159.pdf
A99: 12385408 | B99: M7 | C99: 25/12/2024 | D99: 0805 | E99: 01/01/2025 | F99: WS10 | G99: IP1020241225 | H99: 4000655180 | K99: NOPR NOPT ORAS OSTS | L99: CLS ACK | M99: PRAL-MRL-WS-STN-MRLBNG Station Bukit Bintang | N99: WES Wayside Department | Q99: MRWSU001 1003 Inspection - 1 Week Interval | S99: -PM COMPLETE | T99: [{'task': '0001', 'description': '1001'}] | U99: [{'staff_id': '10007114', 'name': 'DINESH KUMAR A/L VARUTHER RAJOO', 'plan_start_date_time': '00:00:00', 'plan_end_date_time': '00:00:00', 'total_hours': ''}] | V99: pm complete. | W99: [{'item': '0001', 'object_part': 'Station Power Supply', 'damage': ''}] | X99: [{'item': '0001', 'cause': 'Scheduled maintenance'}] | Y99: [{'item': '0001', 'activity': 'Check / Inspect -'}] | Z99: 25/12/2024 | AA99: 7114 | AB99: PS_PM_WEK_StationInspection_4000655180_1.pdf
A100: 11887982 | B100: M7 | C100: 30/12/2021 | D100: 0805 | E100: 05/01/2022 | F100: WS10 | G100: IP1020211230 | H100: 4000442388 | K100: NOPR ORAS | L100: REQ | M100: PRAL-MRL-WS-STN-MRLBNG Station Bukit Bintang | N100: WES Wayside Department | Q100: MRWSU001 1003 | R100: PM Inspection for Bukit Bintang Station | S100: PM Inspection for Bukit Bintang Station | T100: [] | U100: [] | V100: pm complete | W100: [] | X100: [] | Y100: [] | Z100: 05/01/2022 | AB100: PS_PM_WEK_StationInspection_4000442388.pdf
...

Sheet work_order
A1: work_order_no | B1: work_order_type | C1: date_opened | D1: cost_centre | E1: priority | F1: assigned_to | G1: maint_act_type | H1: work_centre | I1: maintenance_plant | J1: functional_location | K1: location | L1: superior_equipment | M1: equipment | N1: operations | O1: materials | P1: labour_details | Q1: object_part | R1: cause | S1: damage | T1: action | U1: target | V1: comment | W1: date_closed | X1: supervisor_verification | Y1: status | Z1: filename
A2: 4000441928 | B2: RAIL - Preventive Maintenance Order | C2: 02/01/2022 | D2: 8021131200 | E2: 3-Medium | G2: PVM | H2: WS10 | I2: 0805 Rapid Rail StarRail (Monorail) | J2: PRAL-MRL-WS-TPS-MRLBFZ TPSS - Brickfields | K2: WES Wayside Department | N2: [] | O2: [] | P2: [] | U2: 02/01/2022 | V2: Im complete | W2: 02/01/21 | X2: 7094 | Y2: 3PLN | Z2: PS_PM_WEK_TPSS_4000441928.pdf | AA2: =IF(COUNTIF(Sheet1!A:A, TRIM(Z2))>0, "YES", "NO") -> NO
A3: 4000441929 | B3: RAIL - Preventive Maintenance Order | C3: 03/01/2022 | D3: 8021131200 | E3: 3-Medium | G3: PVM | H3: WS10 | I3: 0805 Rapid Rail StarRail (Monorail) | J3: PRAL-MRL-WS-STN-MRLCIT Station Chow Kit | K3: WES Wayside Department | N3: [{'operation_no': '0010', 'operation_text': 'Weekly Station Inspection'}] | O3: [] | P3: [] | U3: 03/01/2022 | V3: PM complete | W3: 03/01/2022 | X3: 7094 | Y3: 3PLN | Z3: PS_PM_WEK_StationInspection_4000441929.pdf | AA3: =IF(COUNTIF(Sheet1!A:A, TRIM(Z3))>0, "YES", "NO") -> NO
A4: 4000442386 | B4: RAIL - Preventive Maintenance Order | C4: 04/01/2022 | D4: 8021131200 | E4: 3-Medium | G4: PVM | H4: WS10 | I4: 0805 Rapid Rail StarRail (Monorail) | J4: PRAL-MRL-WS-STN-MRLMKU Station Medan Tuanku | K4: WES Wayside Department | N4: [{'operation_no': '0010', 'operation_text': 'Weekly Station Inspection'}] | O4: [{'item_no': '', 'material_no': '', 'description': '', 'required_quantity': '', 'unit_of_measurement': ''}] | P4: [{'staff_id': '', 'name': '', 'plan_start_date_time': '', 'plan_end_date_time': '', 'total_hours': ''}] | U4: 04/01/2022 | V4: pm Complete | W4: 04/01/2022 | Y4: 3PLN | Z4: PS_PM_WEK_StationInspection_4000442386.pdf | AA4: =IF(COUNTIF(Sheet1!A:A, TRIM(Z4))>0, "YES", "NO") -> NO
A5: 4000442388 | B5: RAIL - Preventive Maintenance Order | C5: 05/01/2022 | D5: 8021131200 | E5: 3-Medium | G5: PVM | H5: WS10 | I5: 0805 Rapid Rail StarRail (Monorail) | J5: PRAL-MRL-WS-STN-MRLBNG Station Bukit Bintang | K5: WES Wayside Department | N5: [{'operation_no': '0010', 'operation_text': 'Weekly Station Inspection'}] | O5: [] | P5: [] | U5: 05/01/2022 | V5: pm complete | W5: 05/01/2022 | Y5: 3PLN | Z5: PS_PM_WEK_StationInspection_4000442388.pdf | AA5: =IF(COUNTIF(Sheet1!A:A, TRIM(Z5))>0, "YES", "NO") -> NO
A6: 4000442389 | B6: RAIL - Preventive Maintenance Order | C6: 05/01/2022 | D6: 8021131200 | E6: 3-Medium | G6: PVM | H6: WS10 | I6: 0805 Rapid Rail StarRail (Monorail) | J6: PRAL-MRL-WS-STN-MRLRAN Station Raja Chulan | K6: WES Wayside Department | N6: [{'operation_no': '0010', 'operation_text': 'Weekly Station Inspection'}] | O6: [] | P6: [] | U6: 05/01/2022 | V6: pm complete | W6: 05/01/2022 | Y6: 3PLN | Z6: PS_PM_WEK_StationInspection_4000442389.pdf | AA6: =IF(COUNTIF(Sheet1!A:A, TRIM(Z6))>0, "YES", "NO") -> NO
A7: 4000442392 | B7: RAIL - Preventive Maintenance Order | C7: 06/01/2022 | D7: 8021131200 | E7: 3-Medium | G7: PVM | H7: WS10 | I7: 0805 Rapid Rail StarRail (Monorail) | J7: PRAL-MRL-WS-TPS-MRLMTZ TPSS - Medan Tuanku | K7: WES Wayside Department | N7: ['Weekly TPSS Inspection'] | O7: [] | P7: [] | U7: 06/01/2022 | V7: PM complete | W7: 06/01/2022 | X7: 7013 | Y7: 3PLN | Z7: PS_PM_WEK_TPSS_4000442392.pdf | AA7: =IF(COUNTIF(Sheet1!A:A, TRIM(Z7))>0, "YES", "NO") -> NO
A8: 4000443598 | B8: RAIL - Preventive Maintenance Order | C8: 07/01/2022 | D8: 8021131200 | E8: 3-Medium | G8: PVM | H8: WS10 | I8: 0805 Rapid Rail StarRail (Monorail) | J8: PRAL-MRL-WS-STN-MRLMAH Station Maharajalela | K8: WES Wayside Department | N8: [{'operation_no': '0010', 'operation_text': 'Weekly Station Inspection'}] | O8: [{'item_no': '', 'material_no': '', 'description': '', 'required_quantity': '', 'unit_of_measurement': ''}] | P8: [{'staff_id': '', 'name': '', 'plan_start_date_time': '', 'plan_end_date_time': '', 'total_hours': ''}] | U8: 07/01/2022 | V8: Pm complete | W8: 07/01/2022 | X8: 7099 | Y8: 3PLN | Z8: PS_PM_WEK_StationInspection_4000443598.pdf | AA8: =IF(COUNTIF(Sheet1!A:A, TRIM(Z8))>0, "YES", "NO") -> NO
A9: 4000443599 | B9: RAIL - Preventive Maintenance Order | C9: 07/01/2022 | D9: 8021131200 | E9: 3-Medium | G9: PVM | H9: WS10 | I9: 0805 Rapid Rail StarRail (Monorail) | J9: PRAL-MRL-WS-STN-MRLTUN Station Tun Sambanthan | K9: WES Wayside Department | N9: [{'operation_no': '0010', 'operation_text': 'Weekly Station Inspection'}] | O9: [] | P9: [] | U9: 07/01/2022 | V9: Pm complete | W9: 07/012022 | X9: 7099 | Y9: 3PLN | Z9: PS_PM_WEK_StationInspection_4000443599.pdf | AA9: =IF(COUNTIF(Sheet1!A:A, TRIM(Z9))>0, "YES", "NO") -> NO
A10: 4000443602 | B10: RAIL - Preventive Maintenance Order | C10: 08/01/2022 | D10: 8021131200 | E10: 3-Medium | G10: PVM | H10: WS10 | I10: 0805 Rapid Rail StarRail (Monorail) | J10: PRAL-MRL-WS-STN-MRLKLS Station KL Sentral | K10: WES Wayside Department | N10: [{'operation_no': '0010', 'operation_text': 'Weekly Station Inspection'}] | O10: [] | P10: [] | U10: 08/01/2022 | V10: Pm complete | W10: 08/01/2022 | X10: 7091 | Y10: 3PLN | Z10: PS_PM_WEK_StationInspection_4000443602.pdf | AA10: =IF(COUNTIF(Sheet1!A:A, TRIM(Z10))>0, "YES", "NO") -> NO
A11: 4000443603 | B11: RAIL - Preventive Maintenance Order | C11: 08/01/2022 | D11: 8021131200 | E11: 3-Medium | G11: PVM | H11: WS10 | I11: 0805 Rapid Rail StarRail (Monorail) | J11: PRAL-MRL-WS-TPS-MRLSSZ TPSS - Sultan Sulaiman | K11: WES Wayside Department | N11: ['Weekly TPSS Inspection'] | O11: [] | P11: [] | U11: 08/01/2022 | V11: Pm Complete | W11: 08/01/2022 | X11: 7091 | Y11: 3PLN | Z11: PS_PM_WEK_TPSS_4000443603.pdf | AA11: =IF(COUNTIF(Sheet1!A:A, TRIM(Z11))>0, "YES", "NO") -> NO
A12: 4000443604 | B12: RAIL - Preventive Maintenance Order | C12: 09/01/2022 | D12: 8021131200 | E12: 3-Medium | G12: PVM | H12: WS10 | I12: 0805 Rapid Rail StarRail (Monorail) | J12: PRAL-MRL-WS-BLD-MRLWSP Workshop | K12: WES Wayside Department | N12: [{'operation_no': '0010', 'operation_text': 'Weekly Station Inspection'}] | O12: [] | P12: [{'staff_id': '', 'name': 'Mm mi', 'plan_start_date_time': '', 'plan_end_date_time': '', 'total_hours': ''}] | U12: 09/01/2022 | V12: pm complete | W12: 09/01/2022 | X12: 7094 | Y12: 3PLN | Z12: PS_PM_WEK_StationInspection_4000443604.pdf | AA12: =IF(COUNTIF(Sheet1!A:A, TRIM(Z12))>0, "YES", "NO") -> NO
A13: 4000443605 | B13: RAIL - Preventive Maintenance Order | C13: 09/01/2022 | D13: 8021131200 | E13: 3-Medium | G13: PVM | H13: WS10 | I13: 0805 Rapid Rail StarRail (Monorail) | J13: PRAL-MRL-WS-TPS-MRLBFZ TPSS - Brickfields | K13: WES Wayside Department | N13: ['Weekly TPSS Inspection'] | O13: [] | P13: [] | U13: 09/01/2022 | V13: Im complete | W13: 09/01/22 | X13: MAHADI | Y13: 3PLN | Z13: PS_PM_WEK_TPSS_4000443605.pdf | AA13: =IF(COUNTIF(Sheet1!A:A, TRIM(Z13))>0, "YES", "NO") -> NO
A14: 4000443607 | B14: RAIL - Preventive Maintenance Order | C14: 10/01/2022 | D14: 8021131200 | E14: 3-Medium | G14: PVM | H14: WS10 | I14: 0805 Rapid Rail StarRail (Monorail) | J14: PRAL-MRL-WS-STN-MRLTSA Station Titiwangsa | K14: WES Wayside Department | N14: [{'operation_no': '0010', 'operation_text': 'Weekly Station Inspection'}] | O14: [] | P14: [] | U14: 10/01/2022 | V14: PM complete | W14: 10/01/2022 | X14: 7013 | Y14: 3PLN | Z14: PS_PM_WEK_StationInspection_4000443607.pdf | AA14: =IF(COUNTIF(Sheet1!A:A, TRIM(Z14))>0, "YES", "NO") -> NO
A15: 4000443608 | B15: RAIL - Preventive Maintenance Order | C15: 11/01/2022 | D15: 8021131200 | E15: 3-Medium | G15: PVM | H15: WS10 | I15: 0805 Rapid Rail StarRail (Monorail) | J15: PRAL-MRL-WS-STN-MRLBAS Station Bukit Nanas | K15: WES Wayside Department | N15: [{'operation_no': '0010', 'operation_text': 'Weekly Station Inspection'}] | O15: [] | P15: [] | U15: 11/01/2022 | V15: Pm Complete | W15: 11/01/2022 | X15: 7099 | Y15: 3PLN | Z15: PS_PM_WEK_StationInspection_4000443608.pdf | AA15: =IF(COUNTIF(Sheet1!A:A, TRIM(Z15))>0, "YES", "NO") -> NO
A16: 4000443610 | B16: RAIL - Preventive Maintenance Order | C16: 11/01/2022 | D16: 8021131200 | E16: 3-Medium | G16: PVM | H16: WS10 | I16: 0805 Rapid Rail StarRail (Monorail) | J16: PRAL-MRL-WS-STN-MRLMKU Station Medan Tuanku | K16: WES Wayside Department | N16: [{'operation_no': '0010', 'operation_text': 'Weekly Station Inspection'}] | O16: [{'item_no': '', 'material_no': '', 'description': '', 'required_quantity': '', 'unit_of_measurement': ''}] | P16: [{'staff_id': '', 'name': '', 'plan_start_date_time': '', 'plan_end_date_time': '', 'total_hours': ''}] | Q16: 11/01/2022 | U16: 11/01/2022 | V16: Pm Complete | W16: 11/01/2022 | X16: 7099 | Y16: 3PLN | Z16: PS_PM_WEK_StationInspection_4000443610.pdf | AA16: =IF(COUNTIF(Sheet1!A:A, TRIM(Z16))>0, "YES", "NO") -> NO
A17: 4000443612 | B17: RAIL - Preventive Maintenance Order | C17: 12/01/2022 | D17: 8021131200 | E17: 3-Medium | G17: PVM | H17: WS10 | I17: 0805 Rapid Rail StarRail (Monorail) | J17: PRAL-MRL-WS-STN-MRLBNG Station Bukit Bintang | K17: WES Wayside Department | N17: [{'operation_no': '0010', 'operation_text': 'Weekly Station Inspection'}] | O17: [] | P17: [] | U17: 12/01/2022 | V17: PM Complete | W17: 12/01/2022 | X17: 7099 | Y17: 3PLN | Z17: PS_PM_WEK_StationInspection_4000443612.pdf | AA17: =IF(COUNTIF(Sheet1!A:A, TRIM(Z17))>0, "YES", "NO") -> NO
A18: 4000443613 | B18: RAIL - Preventive Maintenance Order | C18: 12/01/2022 | D18: 8021131200 | E18: 3-Medium | G18: PVM | H18: WS10 | I18: 0805 Rapid Rail StarRail (Monorail) | J18: PRAL-MRL-WS-STN-MRLRAN Station Raja Chulan | K18: WES Wayside Department | N18: [{'operation_no': '0010', 'operation_text': 'Weekly Station Inspection'}] | O18: [] | P18: [] | U18: 12/01/2022 | V18: PM CompLETE | W18: 12/01/2022 | X18: 7099 | Y18: 3PLN | Z18: PS_PM_WEK_StationInspection_4000443613.pdf | AA18: =IF(COUNTIF(Sheet1!A:A, TRIM(Z18))>0, "YES", "NO") -> NO
A19: 4000443614 | B19: RAIL - Preventive Maintenance Order | C19: 13/01/2022 | D19: 8021131200 | E19: 3-Medium | G19: PVM | H19: WS10 | I19: 0805 Rapid Rail StarRail (Monorail) | J19: PRAL-MRL-WS-STN-MRLHAH Station Hang Tuah | K19: WES Wayside Department | N19: [{'operation_no': '0010', 'operation_text': 'Weekly Station Inspection'}] | O19: [] | P19: [] | U19: 13/01/2022 | V19: Pm Complete | W19: 13/01/2022 | X19: 7094 | Y19: 3PLN | Z19: PS_PM_WEK_StationInspection_4000443614.pdf | AA19: =IF(COUNTIF(Sheet1!A:A, TRIM(Z19))>0, "YES", "NO") -> NO
A20: 4000443615 | B20: RAIL - Preventive Maintenance Order | C20: 13/01/2022 | D20: 8021131200 | E20: 3-Medium | G20: PVM | H20: WS10 | I20: 0805 Rapid Rail StarRail (Monorail) | J20: PRAL-MRL-WS-STN-MRLIBI Station Imbi | K20: WES Wayside Department | N20: [{'operation_no': '0010', 'operation_text': 'Weekly Station Inspection'}] | O20: [] | P20: [] | U20: 13/01/2022 | V20: Pm complete | W20: 13/01/2022 | X20: 7094 | Y20: 3PLN | Z20: PS_PM_WEK_StationInspection_4000443615.pdf | AA20: =IF(COUNTIF(Sheet1!A:A, TRIM(Z20))>0, "YES", "NO") -> NO
A21: 4000443616 | B21: RAIL - Preventive Maintenance Order | C21: 13/01/2022 | D21: 8021131200 | E21: 3-Medium | G21: PVM | H21: WS10 | I21: 0805 Rapid Rail StarRail (Monorail) | J21: PRAL-MRL-WS-TPS-MRLMTZ TPSS - Medan Tuanku | K21: WES Wayside Department | N21: ['Weekly TPSS Inspection'] | O21: [] | P21: [] | U21: 13/01/2022 | V21: Pm Complete | W21: 13/01/2022 | X21: 7094 | Y21: 3PLN | Z21: PS_PM_WEK_TPSS_4000443616.pdf | AA21: =IF(COUNTIF(Sheet1!A:A, TRIM(Z21))>0, "YES", "NO") -> NO
A22: 4000444202 | B22: RAIL - Preventive Maintenance Order | C22: 14/01/2022 | D22: 8021131200 | E22: 3-Medium | G22: PVM | H22: WS10 | I22: 0805 Rapid Rail StarRail (Monorail) | J22: PRAL-MRL-WS-STN-MRLMAH Station Maharajalela | K22: WES Wayside Department | N22: [{'operation_no': '0010', 'operation_text': 'Weekly Station Inspection'}] | O22: [] | P22: [] | U22: 14/01/2022 | V22: Pm complete | W22: 14/01/2022 | X22: 7091 | Y22: 3PLN | Z22: PS_PM_WEK_StationInspection_4000444202.pdf | AA22: =IF(COUNTIF(Sheet1!A:A, TRIM(Z22))>0, "YES", "NO") -> NO
A23: 4000444203 | B23: RAIL - Preventive Maintenance Order | C23: 14/01/2022 | D23: 8021131200 | E23: 3-Medium | G23: PVM | H23: WS10 | I23: 0805 Rapid Rail StarRail (Monorail) | J23: PRAL-MRL-WS-STN-MRLTUN Station Tun Sambanthan | K23: WES Wayside Department | N23: [{'operation_no': '0010', 'operation_text': 'Weekly Station Inspection'}] | O23: [] | P23: [] | U23: 14/01/2022 | V23: Pm complete | W23: 14/01/2022 | X23: 7091 | Y23: 3PLN | Z23: PS_PM_WEK_StationInspection_4000444203.pdf | AA23: =IF(COUNTIF(Sheet1!A:A, TRIM(Z23))>0, "YES", "NO") -> NO
A24: 4000444204 | B24: RAIL - Preventive Maintenance Order | C24: 14/01/2022 | D24: 8021131200 | E24: 3-Medium | G24: PVM | H24: WS10 | I24: 0805 Rapid Rail StarRail (Monorail) | J24: PRAL-MRL-WS-TPS-MRLHTZ TPSS - Hang Tuah | K24: WES Wayside Department | N24: ['0010 Weekly TPSS Inspection'] | O24: [] | P24: [] | U24: 14/01/2022 | V24: pm complete | W24: 14/01/2022 | X24: 7091 | Y24: 3PLN | Z24: PS_PM_WEK_TPSS_4000444204.pdf | AA24: =IF(COUNTIF(Sheet1!A:A, TRIM(Z24))>0, "YES", "NO") -> NO
A25: 4000444206 | B25: RAIL - Preventive Maintenance Order | C25: 15/01/2022 | D25: 8021131200 | E25: 3-Medium | G25: PVM | H25: WS10 | I25: 0805 Rapid Rail StarRail (Monorail) | J25: PRAL-MRL-WS-STN-MRLKLS Station KL Sentral | K25: WES Wayside Department | N25: [{'operation_no': '0010', 'operation_text': 'Weekly Station Inspection'}] | O25: [] | P25: [] | U25: 15/01/2022 | V25: PM complete | W25: 15/01/2022 | X25: 7091 | Y25: 3PLN | Z25: PS_PM_WEK_StationInspection_4000444206.pdf | AA25: =IF(COUNTIF(Sheet1!A:A, TRIM(Z25))>0, "YES", "NO") -> NO
A26: 4000444207 | B26: RAIL - Preventive Maintenance Order | C26: 15/01/2022 | D26: 8021131200 | E26: 3-Medium | G26: PVM | H26: WS10 | I26: 0805 Rapid Rail StarRail (Monorail) | J26: PRAL-MRL-WS-TPS-MRLSSZ TPSS - Sultan Sulaiman | K26: WES Wayside Department | N26: ['Weekly TPSS Inspection'] | O26: [] | P26: [] | U26: 15/01/2022 | V26: PM COMPLETE | W26: 15/01/2022 | X26: 7091 | Y26: 3PLN | Z26: PS_PM_WEK_TPSS_4000444207.pdf | AA26: =IF(COUNTIF(Sheet1!A:A, TRIM(Z26))>0, "YES", "NO") -> NO
A27: 4000444209 | B27: RAIL - Preventive Maintenance Order | C27: 16/01/2022 | D27: 8021131200 | E27: 3-Medium | G27: PVM | H27: WS10 | I27: 0805 Rapid Rail StarRail (Monorail) | J27: PRAL-MRL-WS-TPS-MRLBFZ TPSS - Brickfields | K27: WES Wayside Department | N27: ['Weekly TPSS Inspection'] | O27: [] | P27: [] | U27: 16/01/2022 | V27: Im complete | W27: 16/01/22 | X27: 7091 | Y27: 3PLN | Z27: PS_PM_WEK_TPSS_4000444209.pdf | AA27: =IF(COUNTIF(Sheet1!A:A, TRIM(Z27))>0, "YES", "NO") -> NO
A28: 4000444211 | B28: RAIL - Preventive Maintenance Order | C28: 17/01/2022 | D28: 8021131200 | E28: 3-Medium | G28: PVM | H28: WS10 | I28: 0805 Rapid Rail StarRail (Monorail) | J28: PRAL-MRL-WS-STN-MRLTSA Station Titiwangsa | K28: WES Wayside Department | N28: [{'operation_no': '0010', 'operation_text': 'Weekly Station Inspection'}] | O28: [] | P28: [] | U28: 17/01/2022 | V28: Pm complete | W28: 17/01/2022 | X28: 7091 | Y28: 3PLN | Z28: PS_PM_WEK_StationInspection_4000444211.pdf | AA28: =IF(COUNTIF(Sheet1!A:A, TRIM(Z28))>0, "YES", "NO") -> NO
... A32: 4000445974 | B32: RAIL - Preventive Maintenance Order | C32: 19/01/2022 | D32: 8021131200 | E32: 3-Medium | G32: PVM | H32: WS10 | I32: 0805 Rapid Rail StarRail (Monorail) | J32: PRAL-MRL-WS-STN-MRLRAN Station Raja Chulan | K32: WES Wayside Department | N32: [{'operation_no': '0010', 'operation_text': 'Weekly Station Inspection'}] | O32: [{'item_no': '', 'material_no': '', 'description': '', 'required_quantity': '', 'unit_of_measurement': ''}] | P32: [{'staff_id': '', 'name': '', 'plan_start_date_time': '', 'plan_end_date_time': '', 'total_hours': ''}] | U32: 19/01/2022 | V32: PM COMPLETE | W32: 19/01/2022 | X32: 7094 | Y32: 3PLN | Z32: PS_PM_WEK_StationInspection_4000445974.pdf | AA32: =IF(COUNTIF(Sheet1!A:A, TRIM(Z32))>0, "YES", "NO") -> NO
A33: 4000445975 | B33: RAIL - Preventive Maintenance Order | C33: 20/01/2022 | D33: 8021131200 | E33: 3-Medium | G33: PVM | H33: WS10 | I33: 0805 Rapid Rail StarRail (Monorail) | J33: PRAL-MRL-WS-STN-MRLHAH Station Hang Tuah | K33: WES Wayside Department | N33: [{'operation_no': '0010', 'operation_text': 'Weekly Station Inspection'}] | O33: [] | P33: [] | U33: 20/01/2022 | V33: PM complete | W33: 20/01/2022 | Y33: 3PLN | Z33: PS_PM_WEK_StationInspection_4000445975.pdf | AA33: =IF(COUNTIF(Sheet1!A:A, TRIM(Z33))>0, "YES", "NO") -> NO
A34: 4000445976 | B34: RAIL - Preventive Maintenance Order | C34: 20/01/2022 | D34: 8021131200 | E34: 3-Medium | G34: PVM | H34: WS10 | I34: 0805 Rapid Rail StarRail (Monorail) | J34: PRAL-MRL-WS-STN-MRLIBI Station Imbi | K34: WES Wayside Department | N34: [{'operation_no': '0010', 'operation_text': 'Weekly Station Inspection'}] | O34: [] | P34: [] | U34: 20/01/2022 | V34: Pm complete | W34: 20/01/2022 | X34: 7094 | Y34: 3PLN | Z34: PS_PM_WEK_StationInspection_4000445976.pdf | AA34: =IF(COUNTIF(Sheet1!A:A, TRIM(Z34))>0, "YES", "NO") -> NO
A35: 4000445977 | B35: RAIL - Preventive Maintenance Order | C35: 20/01/2022 | D35: 8021131200 | E35: 3-Medium | G35: PVM | H35: WS10 | I35: 0805 Rapid Rail StarRail (Monorail) | J35: PRAL-MRL-WS-TPS-MRLMTZ TPSS - Medan Tuanku | K35: WES Wayside Department | N35: ['Weekly TPSS Inspection'] | O35: [] | P35: [] | U35: 20/01/2022 | V35: Pm complete | W35: 20/01/2022 | X35: 7094 | Y35: 3PLN | Z35: PS_PM_WEK_TPSS_4000445977.pdf | AA35: =IF(COUNTIF(Sheet1!A:A, TRIM(Z35))>0, "YES", "NO") -> NO
A36: 4000445978 | B36: RAIL - Preventive Maintenance Order | C36: 21/01/2022 | D36: 8021131200 | E36: 3-Medium | G36: PVM | H36: WS10 | I36: 0805 Rapid Rail StarRail (Monorail) | J36: PRAL-MRL-WS-STN-MRLMAH Station Maharajalela | K36: WES Wayside Department | N36: [{'operation_no': '0010', 'operation_text': 'Weekly Station Inspection'}] | O36: [] | P36: [] | U36: 21/01/2022 | V36: PM complete | W36: 21/01/2022 | X36: 7091 | Y36: 3PLN | Z36: PS_PM_WEK_StationInspection_4000445978.pdf | AA36: =IF(COUNTIF(Sheet1!A:A, TRIM(Z36))>0, "YES", "NO") -> NO
A37: 4000445979 | B37: RAIL - Preventive Maintenance Order | C37: 21/01/2022 | D37: 8021131200 | E37: 3-Medium | G37: PVM | H37: WS10 | I37: 0805 Rapid Rail StarRail (Monorail) | J37: PRAL-MRL-WS-STN-MRLTUN Station Tun Sambanthan | K37: WES Wayside Department | N37: [{'operation_no': '0010', 'operation_text': 'Weekly Station Inspection'}] | O37: [] | P37: [] | U37: 21/01/2022 | V37: Pm complete | W37: 21/01/2022 | X37: 7091 | Y37: 3PLN | Z37: PS_PM_WEK_StationInspection_4000445979.pdf | AA37: =IF(COUNTIF(Sheet1!A:A, TRIM(Z37))>0, "YES", "NO") -> NO
A38: 4000445980 | B38: RAIL - Preventive Maintenance Order | C38: 21/01/2022 | D38: 8021131200 | E38: 3-Medium | G38: PVM | H38: WS10 | I38: 0805 Rapid Rail StarRail (Monorail) | J38: PRAL-MRL-WS-TPS-MRLHTZ TPSS - Hang Tuah | K38: WES Wayside Department | N38: [] | O38: [] | P38: [] | U38: 21/01/2022 | V38: Pm complete | W38: 21/01/2022 | X38: 7091 | Y38: 3PLN | Z38: PS_PM_WEK_TPSS_4000445980.pdf | AA38: =IF(COUNTIF(Sheet1!A:A, TRIM(Z38))>0, "YES", "NO") -> NO
A39: 4000445983 | B39: RAIL - Preventive Maintenance Order | C39: 22/01/2022 | D39: 8021131200 | E39: 3-Medium | G39: PVM | H39: WS10 | I39: 0805 Rapid Rail StarRail (Monorail) | J39: PRAL-MRL-WS-TPS-MRLSSZ TPSS - Sultan Sulaiman | K39: WES Wayside Department | N39: [] | O39: [] | P39: [] | U39: 22/01/2022 | V39: Pm complete | W39: 22/01/2022 | X39: 7091 | Y39: 3PLN | Z39: PS_PM_WEK_TPSS_4000445983.pdf | AA39: =IF(COUNTIF(Sheet1!A:A, TRIM(Z39))>0, "YES", "NO") -> NO
A40: 4000445985 | B40: RAIL - Preventive Maintenance Order | C40: 23/01/2022 | D40: 8021131200 | E40: 3-Medium | G40: PVM | H40: WS10 | I40: 0805 Rapid Rail StarRail (Monorail) | J40: PRAL-MRL-WS-TPS-MRLBFZ TPSS - Brickfields | K40: WES Wayside Department | N40: ['Weekly TPSS Inspection'] | O40: [] | P40: [] | U40: 23/01/2022 | V40: I'm complete | W40: 23/01/22 | X40: 7091 | Y40: 3PLN | Z40: PS_PM_WEK_TPSS_4000445985.pdf | AA40: =IF(COUNTIF(Sheet1!A:A, TRIM(Z40))>0, "YES", "NO") -> NO
A41: 4000445986 | B41: RAIL - Preventive Maintenance Order | C41: 24/01/2022 | D41: 8021131200 | E41: 3-Medium | G41: PVM | H41: WS10 | I41: 0805 Rapid Rail StarRail (Monorail) | J41: PRAL-MRL-WS-STN-MRLCIT Station Chow Kit | K41: WES Wayside Department | N41: [{'operation_no': '0010', 'operation_text': 'Weekly Station Inspection'}] | O41: [] | P41: [] | U41: 24/01/2022 | V41: pm complete | W41: 24/01/2022 | X41: 7013 | Y41: 3PLN | Z41: PS_PM_WEK_StationInspection_4000445986.pdf | AA41: =IF(COUNTIF(Sheet1!A:A, TRIM(Z41))>0, "YES", "NO") -> NO
A42: 4000445987 | B42: RAIL - Preventive Maintenance Order | C42: 24/01/2022 | D42: 8021131200 | E42: 3-Medium | G42: PVM | H42: WS10 | I42: 0805 Rapid Rail StarRail (Monorail) | J42: PRAL-MRL-WS-STN-MRLTSA Station Titiwangsa | K42: WES Wayside Department | N42: [{'operation_no': '0010', 'operation_text': 'Weekly Station Inspection'}] | O42: [] | P42: [] | U42: 24/01/2022 | V42: pm complete | W42: 24/1/22 | X42: 7013 | Y42: 3PLN | Z42: PS_PM_WEK_StationInspection_4000445987.pdf | AA42: =IF(COUNTIF(Sheet1!A:A, TRIM(Z42))>0, "YES", "NO") -> NO
A43: 4000445988 | B43: RAIL - Preventive Maintenance Order | C43: 25/01/2022 | D43: 8021131200 | E43: 3-Medium | G43: PVM | H43: WS10 | I43: 0805 Rapid Rail StarRail (Monorail) | J43: PRAL-MRL-WS-STN-MRLBAS Station Bukit Nanas | K43: WES Wayside Department | N43: [{'operation_no': '0010', 'operation_text': 'Weekly Station Inspection'}] | O43: [] | P43: [] | U43: 25/01/2022 | V43: pM complete | W43: 25/01/2022 | X43: 7013 | Y43: 3PLN | Z43: PS_PM_WEK_StationInspection_4000445988.pdf | AA43: =IF(COUNTIF(Sheet1!A:A, TRIM(Z43))>0, "YES", "NO") -> NO
A44: 4000445989 | B44: RAIL - Preventive Maintenance Order | C44: 25/01/2022 | D44: 8021131200 | E44: 3-Medium | G44: PVM | H44: WS10 | I44: 0805 Rapid Rail StarRail (Monorail) | J44: PRAL-MRL-WS-STN-MRLMKU Station Medan Tuanku | K44: WES Wayside Department | N44: [{'operation_no': '0010', 'operation_text': 'Weekly Station Inspection'}] | O44: [] | P44: [] | U44: 25/01/2022 | V44: pm complete | W44: 25/01/2022 | X44: 7013 | Y44: 3PLN | Z44: PS_PM_WEK_StationInspection_4000445989.pdf | AA44: =IF(COUNTIF(Sheet1!A:A, TRIM(Z44))>0, "YES", "NO") -> NO
A45: 4000446654 | B45: RAIL - Preventive Maintenance Order | C45: 28/01/2022 | D45: 8021131200 | E45: 3-Medium | G45: PVM | H45: WS10 | I45: 0805 Rapid Rail StarRail (Monorail) | J45: PRAL-MRL-WS-STN-MRLMAH Station Maharajalela | K45: WES Wayside Department | N45: [{'operation_no': '0010', 'operation_text': 'Weekly Station Inspection'}] | O45: [] | P45: [] | U45: 28/01/2022 | V45: PM Complete | W45: 28/01/2022 | X45: 7099 | Y45: 3PLN | Z45: PS_PM_WEK_StationInspection_4000446654.pdf | AA45: =IF(COUNTIF(Sheet1!A:A, TRIM(Z45))>0, "YES", "NO") -> NO
... A86: 4000449977 | B86: RAIL - Preventive Maintenance Order | C86: 18/02/2022 | D86: 8021131200 | E86: 3-Medium | G86: PVM | H86: WS10 | I86: 0805 Rapid Rail StarRail (Monorail) | J86: PRAL-MRL-WS-TPS-MRLHTZ TPSS - Hang Tuah | K86: WES Wayside Department | N86: ['0010'] | O86: [] | P86: [] | U86: 18/02/2022 | V86: pM complete | W86: 18/02/2022 | X86: 7013 | Y86: 3PLN | Z86: PS_PM_WEK_TPSS_4000449977.pdf | AA86: =IF(COUNTIF(Sheet1!A:A, TRIM(Z86))>0, "YES", "NO") -> NO
A87: 4000449980 | B87: RAIL - Preventive Maintenance Order | C87: 19/02/2022 | D87: 8021131200 | E87: 3-Medium | G87: PVM | H87: WS10 | I87: 0805 Rapid Rail StarRail (Monorail) | J87: PRAL-MRL-WS-TPS-MRLSSZ TPSS - Sultan Sulaiman | K87: WES Wayside Department | N87: ['Weekly TPSS Inspection'] | O87: [] | P87: [] | U87: 19/02/2022 | V87: PM Complete | W87: 19/02/2022 | X87: 7091 | Y87: 3PLN | Z87: PS_PM_WEK_TPSS_4000449980.pdf | AA87: =IF(COUNTIF(Sheet1!A:A, TRIM(Z87))>0, "YES", "NO") -> NO
A88: 4000450282 | B88: RAIL - Preventive Maintenance Order | C88: 20/02/2022 | D88: 8021131200 | E88: 3-Medium | G88: PVM | H88: WS10 | I88: 0805 Rapid Rail StarRail (Monorail) | J88: PRAL-MRL-WS-TPS-MRLBFZ TPSS - Brickfields | K88: WES Wayside Department | N88: [] | O88: [] | P88: [] | U88: 20/02/2022 | V88: Im Complete | W88: 20/2/22 | X88: 7013 | Y88: 3PLN | Z88: PS_PM_WEK_TPSS_4000450282.pdf | AA88: =IF(COUNTIF(Sheet1!A:A, TRIM(Z88))>0, "YES", "NO") -> NO
A89: 4000450284 | B89: RAIL - Preventive Maintenance Order | C89: 21/02/2022 | D89: 8021131200 | E89: 3-Medium | G89: PVM | H89: WS10 | I89: 0805 Rapid Rail StarRail (Monorail) | J89: PRAL-MRL-WS-STN-MRLTSA Station Titiwangsa | K89: WES Wayside Department | N89: [{'operation_no': '0010', 'operation_text': 'Weekly Station Inspection'}] | O89: [] | P89: [] | U89: 21/02/2022 | V89: pur completo | W89: 21/2/20 | X89: AKHBAR | Y89: 3PLN | Z89: PS_PM_WEK_StationInspection_4000450284.pdf | AA89: =IF(COUNTIF(Sheet1!A:A, TRIM(Z89))>0, "YES", "NO") -> NO
A90: 4000450783 | B90: RAIL - Preventive Maintenance Order | C90: 22/02/2022 | D90: 8021131200 | E90: 3-Medium | G90: PVM | H90: WS10 | I90: 0805 Rapid Rail StarRail (Monorail) | J90: PRAL-MRL-WS-STN-MRLBAS Station Bukit Nanas | K90: WES Wayside Department | N90: [{'operation_no': '0010', 'operation_text': 'Weekly Station Inspection'}] | O90: [{'item_no': '', 'material_no': '', 'description': '', 'required_quantity': '', 'unit_of_measurement': ''}] | P90: [{'staff_id': '', 'name': '', 'plan_start_date_time': '', 'plan_end_date_time': '', 'total_hours': ''}] | U90: 22/02/2022 | V90: pM complete | W90: 22/02/2022 | X90: 7013 | Y90: 3PLN | Z90: PS_PM_WEK_StationInspection_4000450783.pdf | AA90: =IF(COUNTIF(Sheet1!A:A, TRIM(Z90))>0, "YES", "NO") -> NO
A91: 4000450784 | B91: RAIL - Preventive Maintenance Order | C91: 22/02/2022 | D91: 8021131200 | E91: 3-Medium | G91: PVM | H91: WS10 | I91: 0805 Rapid Rail StarRail (Monorail) | J91: PRAL-MRL-WS-STN-MRLMKU Station Medan Tuanku | K91: WES Wayside Department | N91: [{'operation_no': '0010', 'operation_text': 'Weekly Station Inspection'}] | O91: [] | P91: [] | U91: 22/02/2022 | V91: PM COMPLETE | W91: 22/2/22 | X91: 7013 | Y91: 3PLN | Z91: PS_PM_WEK_StationInspection_4000450784.pdf | AA91: =IF(COUNTIF(Sheet1!A:A, TRIM(Z91))>0, "YES", "NO") -> NO
A92: 4000450786 | B92: RAIL - Preventive Maintenance Order | C92: 23/02/2022 | D92: 8021131200 | E92: 3-Medium | G92: PVM | H92: WS10 | I92: 0805 Rapid Rail StarRail (Monorail) | J92: PRAL-MRL-WS-STN-MRLBNG Station Bukit Bintang | K92: WES Wayside Department | N92: [{'operation_no': '0010', 'operation_text': 'Weekly Station Inspection'}] | O92: [] | P92: [] | U92: 23/02/2022 | V92: pm Complete | W92: 23/02/2022 | X92: 7013 | Y92: 3PLN | Z92: PS_PM_WEK_StationInspection_4000450786.pdf | AA92: =IF(COUNTIF(Sheet1!A:A, TRIM(Z92))>0, "YES", "NO") -> NO
A93: 4000450787 | B93: RAIL - Preventive Maintenance Order | C93: 23/02/2022 | D93: 8021131200 | E93: 3-Medium | G93: PVM | H93: WS10 | I93: 0805 Rapid Rail StarRail (Monorail) | J93: PRAL-MRL-WS-STN-MRLRAN Station Raja Chulan | K93: WES Wayside Department | N93: [{'operation_no': '0010', 'operation_text': 'Weekly Station Inspection'}] | O93: [] | P93: [] | U93: 23/02/2022 | V93: PM COMPLETE | W93: 23/02/2022 | X93: 7013 | Y93: 3PLN | Z93: PS_PM_WEK_StationInspection_4000450787.pdf | AA93: =IF(COUNTIF(Sheet1!A:A, TRIM(Z93))>0, "YES", "NO") -> NO
A94: 4000450788 | B94: RAIL - Preventive Maintenance Order | C94: 24/02/2022 | D94: 8021131200 | E94: 3-Medium | G94: PVM | H94: WS10 | I94: 0805 Rapid Rail StarRail (Monorail) | J94: PRAL-MRL-WS-STN-MRLHAH Station Hang Tuah | K94: WES Wayside Department | N94: [{'operation_no': '0010', 'operation_text': 'Weekly Station Inspection'}] | O94: [] | P94: [] | U94: 24/02/2022 | V94: pm complete | W94: 24/02/2022 | X94: 7013 | Y94: 3PLN | Z94: PS_PM_WEK_StationInspection_4000450788.pdf | AA94: =IF(COUNTIF(Sheet1!A:A, TRIM(Z94))>0, "YES", "NO") -> NO
A95: 4000450789 | B95: RAIL - Preventive Maintenance Order | C95: 24/02/2022 | D95: 8021131200 | E95: 3-Medium | G95: PVM | H95: WS10 | I95: 0805 Rapid Rail StarRail (Monorail) | J95: PRAL-MRL-WS-STN-MRLIBI Station Imbi | K95: WES Wayside Department | N95: [{'operation_no': '0010', 'operation_text': 'Weekly Station Inspection'}] | O95: [] | P95: [] | U95: 24/02/2022 | V95: pm Complete | W95: 24/02/2022 | X95: 7013 | Y95: 3PLN | Z95: PS_PM_WEK_StationInspection_4000450789.pdf | AA95: =IF(COUNTIF(Sheet1!A:A, TRIM(Z95))>0, "YES", "NO") -> NO
A96: 4000450790 | B96: RAIL - Preventive Maintenance Order | C96: 24/02/2022 | D96: 8021131200 | E96: 3-Medium | G96: PVM | H96: WS10 | I96: 0805 Rapid Rail StarRail (Monorail) | J96: PRAL-MRL-WS-TPS-MRLMTZ TPSS - Medan Tuanku | K96: WES Wayside Department | N96: ['Weekly TPSS Inspection'] | O96: [] | P96: [] | U96: 24/02/2022 | V96: pm complete | W96: 24/02/2022 | X96: 7013 | Y96: 3PLN | Z96: PS_PM_WEK_TPSS_4000450790.pdf | AA96: =IF(COUNTIF(Sheet1!A:A, TRIM(Z96))>0, "YES", "NO") -> NO
A97: 4000451989 | B97: RAIL - Preventive Maintenance Order | C97: 25/02/2022 | D97: 8021131200 | E97: 3-Medium | G97: PVM | H97: WS10 | I97: 0805 Rapid Rail StarRail (Monorail) | J97: PRAL-MRL-WS-STN-MRLMAH Station Maharajalela | K97: WES Wayside Department | N97: [{'operation_no': '0010', 'operation_text': 'Weekly Station Inspection'}] | O97: [] | P97: [] | U97: 25/02/2022 | V97: PM complete | W97: 25/02/2022 | X97: 7013 | Y97: 3PLN | Z97: PS_PM_WEK_StationInspection_4000451989.pdf | AA97: =IF(COUNTIF(Sheet1!A:A, TRIM(Z97))>0, "YES", "NO") -> NO
A98: 4000451990 | B98: RAIL - Preventive Maintenance Order | C98: 25/02/2022 | D98: 8021131200 | E98: 3-Medium | G98: PVM | H98: WS10 | I98: 0805 Rapid Rail StarRail (Monorail) | J98: PRAL-MRL-WS-STN-MRLTUN Station Tun Sambanthan | K98: WES Wayside Department | N98: [{'operation_no': '0010', 'operation_text': 'Weekly Station Inspection'}] | O98: [] | P98: [] | U98: 25/02/2022 | V98: PM Complete | W98: 25/02/2022 | X98: 7013 | Y98: 3PLN | Z98: PS_PM_WEK_StationInspection_4000451990.pdf | AA98: =IF(COUNTIF(Sheet1!A:A, TRIM(Z98))>0, "YES", "NO") -> NO
A99: 4000451991 | B99: RAIL - Preventive Maintenance Order | C99: 25/02/2022 | D99: 8021131200 | E99: 3-Medium | G99: PVM | H99: WS10 | I99: 0805 Rapid Rail StarRail (Monorail) | J99: PRAL-MRL-WS-TPS-MRLHTZ TPSS - Hang Tuah | K99: WES Wayside Department | N99: ['0010 Weekly TPSS Inspection'] | O99: [] | P99: [] | U99: 25/02/2022 | V99: pM Complete | W99: 25/02/2022 | X99: 7013 | Y99: 3PLN | Z99: PS_PM_WEK_TPSS_4000451991.pdf | AA99: =IF(COUNTIF(Sheet1!A:A, TRIM(Z99))>0, "YES", "NO") -> NO
A100: 4000451994 | B100: RAIL - Preventive Maintenance Order | C100: 26/02/2022 | D100: 8021131200 | E100: 3-Medium | G100: PVM | H100: WS10 | I100: 0805 Rapid Rail StarRail (Monorail) | J100: PRAL-MRL-WS-STN-MRLKLS Station KL Sentral | K100: WES Wayside Department | N100: [{'operation_no': '0010', 'operation_text': 'Weekly Station Inspection'}] | O100: [] | P100: [] | U100: 26/02/2022 | V100: PM COMPLETE | W100: 26/02/2022 | X100: 7013 | Y100: 3PLN | Z100: PS_PM_WEK_StationInspection_4000451994.pdf | AA100: =IF(COUNTIF(Sheet1!A:A, TRIM(Z100))>0, "YES", "NO") -> NO
A101: 4000451995 | B101: RAIL - Preventive Maintenance Order | C101: 26/02/2022 | D101: 8021131200 | E101: 3-Medium | G101: PVM | H101: WS10 | I101: 0805 Rapid Rail StarRail (Monorail) | J101: PRAL-MRL-WS-TPS-MRLSSZ TPSS - Sultan Sulaiman | K101: WES Wayside Department | N101: ['Weekly TPSS Inspection'] | O101: [] | P101: [] | U101: 26/02/2022 | V101: pm complete | W101: 26/02/2022 | X101: 7013 | Y101: 3PLN | Z101: PS_PM_WEK_TPSS_4000451995.pdf | AA101: =IF(COUNTIF(Sheet1!A:A, TRIM(Z101))>0, "YES", "NO") -> NO
... A115: 4000452456 | B115: RAIL - Preventive Maintenance Order | C115: 05/03/2022 | D115: 8021131200 | E115: 3-Medium | G115: PVM | H115: WS10 | I115: 0805 Rapid Rail StarRail (Monorail) | J115: PRAL-MRL-WS-STN-MRLKLS Station KL Sentral | K115: WES Wayside Department | N115: [{'operation_no': '0010', 'operation_text': 'Weekly Station Inspection'}] | O115: [] | P115: [{'staff_id': 'ATmm', 'name': 'ATmm', 'plan_start_date_time': '', 'plan_end_date_time': '', 'total_hours': ''}] | U115: 05/03/2022 | V115: pm complete | W115: 05/03/2022 | X115: 7099 | Y115: 3PLN | Z115: PS_PM_WEK_StationInspection_4000452456.pdf | AA115: =IF(COUNTIF(Sheet1!A:A, TRIM(Z115))>0, "YES", "NO") -> NO
A116: 4000452457 | B116: RAIL - Preventive Maintenance Order | C116: 05/03/2022 | D116: 8021131200 | E116: 3-Medium | G116: PVM | H116: WS10 | I116: 0805 Rapid Rail StarRail (Monorail) | J116: PRAL-MRL-WS-TPS-MRLSSZ TPSS - Sultan Sulaiman | K116: WES Wayside Department | N116: ['0010'] | O116: [] | P116: [{'Staff ID/Name': 'AT MM', 'Plan Start Date': '', 'Plan Start Time': '', 'Plan End Date': '', 'Plan End Time': '', 'Duration (Hours)': ''}] | U116: 05/03/2022 | V116: pm Complete | W116: 05/03/2022 | X116: 7099 | Y116: 3PLN | Z116: PS_PM_WEK_TPSS_4000452457.pdf | AA116: =IF(COUNTIF(Sheet1!A:A, TRIM(Z116))>0, "YES", "NO") -> NO
A117: 4000452459 | B117: RAIL - Preventive Maintenance Order | C117: 06/03/2022 | D117: 8021131200 | E117: 3-Medium | G117: PVM | H117: WS10 | I117: 0805 Rapid Rail StarRail (Monorail) | J117: PRAL-MRL-WS-BLD-MRLWSP Workshop | K117: WES Wayside Department | N117: [{'operation_no': '0010', 'operation_text': 'Weekly Station Inspection'}] | O117: [] | P117: [{'staff_id': '', 'name': 'mm, ns', 'plan_start_date_time': '', 'plan_end_date_time': '', 'total_hours': ''}] | U117: 06/03/2022 | V117: Pm Complate | W117: 06/03/2022 | X117: MAHADI | Y117: 3PLN | Z117: PS_PM_WEK_StationInspection_4000452459.pdf | AA117: =IF(COUNTIF(Sheet1!A:A, TRIM(Z117))>0, "YES", "NO") -> NO
A118: 4000452460 | B118: RAIL - Preventive Maintenance Order | C118: 06/03/2022 | D118: 8021131200 | E118: 3-Medium | G118: PVM | H118: WS10 | I118: 0805 Rapid Rail StarRail (Monorail) | J118: PRAL-MRL-WS-TPS-MRLBFZ TPSS - Brickfields | K118: WES Wayside Department | N118: [] | O118: [] | P118: [{'Staff ID/Name': 'mm us', 'Plan Start Date': '', 'Plan Start Time': '', 'Plan End Date': '', 'Plan End Time': '', 'Duration (Hours)': ''}] | U118: 06/03/2022 | V118: Im Complete | W118: 06/03/2022 | X118: 7091 | Y118: 3PLN | Z118: PS_PM_WEK_TPSS_4000452460.pdf | AA118: =IF(COUNTIF(Sheet1!A:A, TRIM(Z118))>0, "YES", "NO") -> NO
A119: 4000453228 | B119: RAIL - Preventive Maintenance Order | C119: 07/03/2022 | D119: 8021131200 | E119: 3-Medium | G119: PVM | H119: WS10 | I119: 0805 Rapid Rail StarRail (Monorail) | J119: PRAL-MRL-WS-STN-MRLCIT Station Chow Kit | K119: WES Wayside Department | N119: [{'operation_no': '0010', 'operation_text': 'Weekly Station Inspection'}] | O119: [] | P119: [{'staff_id': '', 'name': 'mmns', 'plan_start_date_time': '', 'plan_end_date_time': '', 'total_hours': ''}] | U119: 07/03/2022 | V119: Pm Complete | W119: 07/03/2022 | X119: 7091 | Y119: 3PLN | Z119: PS_PM_WEK_StationInspection_4000453228.pdf | AA119: =IF(COUNTIF(Sheet1!A:A, TRIM(Z119))>0, "YES", "NO") -> NO
A120: 4000453229 | B120: RAIL - Preventive Maintenance Order | C120: 07/03/2022 | D120: 8021131200 | E120: 3-Medium | G120: PVM | H120: WS10 | I120: 0805 Rapid Rail StarRail (Monorail) | J120: PRAL-MRL-WS-STN-MRLTSA Station Titiwangsa | K120: WES Wayside Department | N120: [{'operation_no': '0010', 'operation_text': 'Weekly Station Inspection'}] | O120: [] | P120: [{'staff_id': '', 'name': 'mmns', 'plan_start_date_time': '', 'plan_end_date_time': '', 'total_hours': ''}] | U120: 07/03/2022 | V120: Pm Complete | W120: 07/03/2022 | X120: 7091 | Y120: 3PLN | Z120: PS_PM_WEK_StationInspection_4000453229.pdf | AA120: =IF(COUNTIF(Sheet1!A:A, TRIM(Z120))>0, "YES", "NO") -> NO
A121: 4000453230 | B121: RAIL - Preventive Maintenance Order | C121: 08/03/2022 | D121: 8021131200 | E121: 3-Medium | G121: PVM | H121: WS10 | I121: 0805 Rapid Rail StarRail (Monorail) | J121: PRAL-MRL-WS-STN-MRLBAS Station Bukit Nanas | K121: WES Wayside Department | N121: [{'operation_no': '0010', 'operation_text': 'Weekly Station Inspection'}] | O121: [] | P121: [] | U121: 08/03/2022 | V121: pM complete | W121: 08/03/2022 | X121: 7013 | Y121: 3PLN | Z121: PS_PM_WEK_StationInspection_4000453230.pdf | AA121: =IF(COUNTIF(Sheet1!A:A, TRIM(Z121))>0, "YES", "NO") -> NO
A122: 4000453231 | B122: RAIL - Preventive Maintenance Order | C122: 08/03/2022 | D122: 8021131200 | E122: 3-Medium | G122: PVM | H122: WS10 | I122: 0805 Rapid Rail StarRail (Monorail) | J122: PRAL-MRL-WS-STN-MRLMKU Station Medan Tuanku | K122: WES Wayside Department | N122: [{'operation_no': '0010', 'operation_text': 'Weekly Station Inspection'}] | O122: [] | P122: [] | U122: 08/03/2022 | V122: pm complete | W122: 08/03/2022 | X122: 7013 | Y122: 3PLN | Z122: PS_PM_WEK_StationInspection_4000453231.pdf | AA122: =IF(COUNTIF(Sheet1!A:A, TRIM(Z122))>0, "YES", "NO") -> NO
A123: 4000453351 | B123: RAIL - Preventive Maintenance Order | C123: 09/03/2022 | D123: 8021131200 | E123: 3-Medium | G123: PVM | H123: WS10 | I123: 0805 Rapid Rail StarRail (Monorail) | J123: PRAL-MRL-WS-STN-MRLBNG Station Bukit Bintang | K123: WES Wayside Department | N123: [{'operation_no': '0010', 'operation_text': 'Weekly Station Inspection'}] | O123: [] | P123: [] | U123: 09/03/2022 | V123: pm complete | W123: 09/03/2022 | X123: 7013 | Y123: 3PLN | Z123: PS_PM_WEK_StationInspection_4000453351.pdf | AA123: =IF(COUNTIF(Sheet1!A:A, TRIM(Z123))>0, "YES", "NO") -> NO
A124: 4000453352 | B124: RAIL - Preventive Maintenance Order | C124: 09/03/2022 | D124: 8021131200 | E124: 3-Medium | G124: PVM | H124: WS10 | I124: 0805 Rapid Rail StarRail (Monorail) | J124: PRAL-MRL-WS-STN-MRLRAN Station Raja Chulan | K124: WES Wayside Department | N124: [{'operation_no': '0010', 'operation_text': 'Weekly Station Inspection'}] | O124: [] | P124: [] | U124: 09/03/2022 | V124: pm complete | W124: 09/03/2022 | X124: 7013 | Y124: 3PLN | Z124: PS_PM_WEK_StationInspection_4000453352.pdf | AA124: =IF(COUNTIF(Sheet1!A:A, TRIM(Z124))>0, "YES", "NO") -> NO
A125: 4000453777 | B125: RAIL - Preventive Maintenance Order | C125: 10/03/2022 | D125: 8021131200 | E125: 3-Medium | G125: PVM | H125: WS10 | I125: 0805 Rapid Rail StarRail (Monorail) | J125: PRAL-MRL-WS-STN-MRLHAH Station Hang Tuah | K125: WES Wayside Department | N125: [{'operation_no': '0010', 'operation_text': 'Weekly Station Inspection'}] | O125: [{'item_no': '', 'material_no': '', 'description': '', 'required_quantity': '', 'unit_of_measurement': ''}] | P125: [{'staff_id': '', 'name': '', 'plan_start_date_time': '', 'plan_end_date_time': '', 'total_hours': ''}] | U125: 10.03.2022 | V125: PM COMPLETE | W125: 10/03/2022 | X125: 7013 | Y125: 3PLN | Z125: PS_PM_WEK_StationInspection_4000453777.pdf | AA125: =IF(COUNTIF(Sheet1!A:A, TRIM(Z125))>0, "YES", "NO") -> NO
A126: 4000453778 | B126: RAIL - Preventive Maintenance Order | C126: 10/03/2022 | D126: 8021131200 | E126: 3-Medium | G126: PVM | H126: WS10 | I126: 0805 Rapid Rail StarRail (Monorail) | J126: PRAL-MRL-WS-STN-MRLIBI Station Imbi | K126: WES Wayside Department | N126: [{'operation_no': '0010', 'operation_text': 'Weekly Station Inspection'}] | O126: [] | P126: [] | U126: 10/03/2022 | V126: PM COMPLETE | W126: 10/03/2022 | X126: 7013 | Y126: 3PLN | Z126: PS_PM_WEK_StationInspection_4000453778.pdf | AA126: =IF(COUNTIF(Sheet1!A:A, TRIM(Z126))>0, "YES", "NO") -> NO
A127: 4000453779 | B127: RAIL - Preventive Maintenance Order | C127: 10/03/2022 | D127: 8021131200 | E127: 3-Medium | G127: PVM | H127: WS10 | I127: 0805 Rapid Rail StarRail (Monorail) | J127: PRAL-MRL-WS-TPS-MRLMTZ TPSS - Medan Tuanku | K127: WES Wayside Department | N127: ['0010'] | O127: [] | P127: [] | U127: 10/03/2022 | V127: pm complete | W127: 10/03/2022 | X127: 7013 | Y127: 3PLN | Z127: PS_PM_WEK_TPSS_4000453779.pdf | AA127: =IF(COUNTIF(Sheet1!A:A, TRIM(Z127))>0, "YES", "NO") -> NO
A128: 4000453780 | B128: RAIL - Preventive Maintenance Order | C128: 11/03/2022 | D128: 8021131200 | E128: 3-Medium | G128: PVM | H128: WS10 | I128: 0805 Rapid Rail StarRail (Monorail) | J128: PRAL-MRL-WS-STN-MRLMAH Station Maharajalela | K128: WES Wayside Department | N128: [{'operation_no': '0010', 'operation_text': 'Weekly Station Inspection'}] | O128: [] | P128: [] | U128: 11/03/2022 | V128: pm complete | W128: 11/03/2022 | X128: 7013 | Y128: 3PLN | Z128: PS_PM_WEK_StationInspection_4000453780.pdf | AA128: =IF(COUNTIF(Sheet1!A:A, TRIM(Z128))>0, "YES", "NO") -> NO
A129: 4000453781 | B129: RAIL - Preventive Maintenance Order | C129: 11/03/2022 | D129: 8021131200 | E129: 3-Medium | G129: PVM | H129: WS10 | I129: 0805 Rapid Rail StarRail (Monorail) | J129: PRAL-MRL-WS-STN-MRLTUN Station Tun Sambanthan | K129: WES Wayside Department | N129: [{'operation_no': '0010', 'operation_text': 'Weekly Station Inspection'}] | O129: [] | P129: [] | U129: 11/03/2022 | V129: PM Complete | W129: 11/03/2022 | X129: 7013 | Y129: 3PLN | Z129: PS_PM_WEK_StationInspection_4000453781.pdf | AA129: =IF(COUNTIF(Sheet1!A:A, TRIM(Z129))>0, "YES", "NO") -> NO
... A191: 4000458821 | B191: RAIL - Preventive Maintenance Order | C191: 10/04/2022 | D191: 8021131200 | E191: 3-Medium | G191: PVM | H191: WS10 | I191: 0805 Rapid Rail StarRail (Monorail) | J191: PRAL-MRL-WS-TPS-MRLBFZ TPSS - Brickfields | K191: WES Wayside Department | N191: ['Weekly TPSS Inspection'] | O191: [] | P191: [] | U191: 10/04/2022 | V191: PM complete | W191: 10/04/2022 | X191: 7094 | Y191: 3PLN | Z191: PS_PM_WEK_TPSS_4000458821.pdf | AA191: =IF(COUNTIF(Sheet1!A:A, TRIM(Z191))>0, "YES", "NO") -> NO
A192: 4000459305 | B192: RAIL - Preventive Maintenance Order | C192: 11/04/2022 | D192: 8021131200 | E192: 3-Medium | G192: PVM | H192: WS10 | I192: 0805 Rapid Rail StarRail (Monorail) | J192: PRAL-MRL-WS-STN-MRLCIT Station Chow Kit | K192: WES Wayside Department | N192: [{'operation_no': '0010', 'operation_text': 'Weekly Station Inspection'}] | O192: [] | P192: [] | U192: 11/04/2022 | V192: pm complete | W192: 11/04/2022 | X192: 7013 | Y192: 3PLN | Z192: PS_PM_WEK_StationInspection_4000459305.pdf | AA192: =IF(COUNTIF(Sheet1!A:A, TRIM(Z192))>0, "YES", "NO") -> NO
A193: 4000459306 | B193: RAIL - Preventive Maintenance Order | C193: 11/04/2022 | D193: 8021131200 | E193: 3-Medium | G193: PVM | H193: WS10 | I193: 0805 Rapid Rail StarRail (Monorail) | J193: PRAL-MRL-WS-STN-MRLTSA Station Titiwangsa | K193: WES Wayside Department | N193: [{'operation_no': '0010', 'operation_text': 'Weekly Station Inspection'}] | O193: [] | P193: [] | U193: 11/04/2022 | V193: pm complete. | W193: 11/04/2022 | X193: 7013 | Y193: 3PLN | Z193: PS_PM_WEK_StationInspection_4000459306.pdf | AA193: =IF(COUNTIF(Sheet1!A:A, TRIM(Z193))>0, "YES", "NO") -> NO
A194: 4000459307 | B194: RAIL - Preventive Maintenance Order | C194: 12/04/2022 | D194: 8021131200 | E194: 3-Medium | G194: PVM | H194: WS10 | I194: 0805 Rapid Rail StarRail (Monorail) | J194: PRAL-MRL-WS-STN-MRLBAS Station Bukit Nanas | K194: WES Wayside Department | N194: [{'operation_no': '0010', 'operation_text': 'Weekly Station Inspection'}] | O194: [{'item_no': '', 'material_no': '', 'description': '', 'required_quantity': '', 'unit_of_measurement': ''}] | P194: [{'staff_id': '', 'name': '', 'plan_start_date_time': '', 'plan_end_date_time': '', 'total_hours': ''}] | U194: 12/04/2022 | V194: pM complete | W194: 12/04/2022 | X194: 7013 | Y194: 3PLN | Z194: PS_PM_WEK_StationInspection_4000459307.pdf | AA194: =IF(COUNTIF(Sheet1!A:A, TRIM(Z194))>0, "YES", "NO") -> NO
A195: 4000459308 | B195: RAIL - Preventive Maintenance Order | C195: 12/04/2022 | D195: 8021131200 | E195: 3-Medium | G195: PVM | H195: WS10 | I195: 0805 Rapid Rail StarRail (Monorail) | J195: PRAL-MRL-WS-STN-MRLMKU Station Medan Tuanku | K195: WES Wayside Department | N195: [{'operation_no': '0010', 'operation_text': 'Weekly Station Inspection'}] | O195: [] | P195: [] | U195: 12/04/2022 | V195: pm Complete | W195: 12/04/2022 | X195: 7013 | Y195: 3PLN | Z195: PS_PM_WEK_StationInspection_4000459308.pdf | AA195: =IF(COUNTIF(Sheet1!A:A, TRIM(Z195))>0, "YES", "NO") -> NO
A196: 4000459310 | B196: RAIL - Preventive Maintenance Order | C196: 13/04/2022 | D196: 8021131200 | E196: 3-Medium | G196: PVM | H196: WS10 | I196: 0805 Rapid Rail StarRail (Monorail) | J196: PRAL-MRL-WS-STN-MRLBNG Station Bukit Bintang | K196: WES Wayside Department | N196: [{'operation_no': '0010', 'operation_text': 'Weekly Station Inspection'}] | O196: [{'item_no': '', 'material_no': '', 'description': '', 'required_quantity': '', 'unit_of_measurement': ''}] | P196: [{'staff_id': '', 'name': 'AT/MS', 'plan_start_date_time': '', 'plan_end_date_time': '', 'total_hours': ''}] | U196: 13/04/2022 | V196: Pm complete | W196: 13/04/2022 | X196: 7099 | Y196: 3PLN | Z196: PS_PM_WEK_StationInspection_4000459310.pdf | AA196: =IF(COUNTIF(Sheet1!A:A, TRIM(Z196))>0, "YES", "NO") -> NO
A197: 4000459311 | B197: RAIL - Preventive Maintenance Order | C197: 13/04/2022 | D197: 8021131200 | E197: 3-Medium | G197: PVM | H197: WS10 | I197: 0805 Rapid Rail StarRail (Monorail) | J197: PRAL-MRL-WS-STN-MRLRAN Station Raja Chulan | K197: WES Wayside Department | N197: [{'operation_no': '0010', 'operation_text': 'Weekly Station Inspection'}] | O197: [] | P197: [{'staff_id': '', 'name': 'AT/MS', 'plan_start_date_time': '', 'plan_end_date_time': '', 'total_hours': ''}] | U197: 13/04/2022 | V197: PM COMPLETE | W197: 15/04/2022 | X197: 7099 | Y197: 3PLN | Z197: PS_PM_WEK_StationInspection_4000459311.pdf | AA197: =IF(COUNTIF(Sheet1!A:A, TRIM(Z197))>0, "YES", "NO") -> NO
A198: 4000459312 | B198: RAIL - Preventive Maintenance Order | C198: 14/04/2022 | D198: 8021131200 | E198: 3-Medium | G198: PVM | H198: WS10 | I198: 0805 Rapid Rail StarRail (Monorail) | J198: PRAL-MRL-WS-STN-MRLHAH Station Hang Tuah | K198: WES Wayside Department | N198: [{'operation_no': '0010', 'operation_text': 'Weekly Station Inspection'}] | O198: [] | P198: [] | U198: 14/04/2022 | V198: pm complete | W198: 14/04/2022 | X198: 7013 | Y198: 3PLN | Z198: PS_PM_WEK_StationInspection_4000459312.pdf | AA198: =IF(COUNTIF(Sheet1!A:A, TRIM(Z198))>0, "YES", "NO") -> NO
A199: 4000459313 | B199: RAIL - Preventive Maintenance Order | C199: 14/04/2022 | D199: 8021131200 | E199: 3-Medium | G199: PVM | H199: WS10 | I199: 0805 Rapid Rail StarRail (Monorail) | J199: PRAL-MRL-WS-STN-MRLIBI Station Imbi | K199: WES Wayside Department | N199: [{'operation_no': '0010', 'operation_text': 'Weekly Station Inspection'}] | O199: [] | P199: [] | U199: 14/04/2022 | V199: pm complete | W199: 14/04/2022 | X199: 7013 | Y199: 3PLN | Z199: PS_PM_WEK_StationInspection_4000459313.pdf | AA199: =IF(COUNTIF(Sheet1!A:A, TRIM(Z199))>0, "YES", "NO") -> NO
A200: 4000459314 | B200: RAIL - Preventive Maintenance Order | C200: 14/04/2022 | D200: 8021131200 | E200: 3-Medium | G200: PVM | H200: WS10 | I200: 0805 Rapid Rail StarRail (Monorail) | J200: PRAL-MRL-WS-TPS-MRLMTZ TPSS - Medan Tuanku | K200: WES Wayside Department | N200: ['Weekly TPSS Inspection'] | O200: [] | P200: [] | U200: 14/04/2022 | V200: pm complete | W200: 14/04/2022 | X200: 7013 | Y200: 3PLN | Z200: PS_PM_WEK_TPSS_4000459314.pdf | AA200: =IF(COUNTIF(Sheet1!A:A, TRIM(Z200))>0, "YES", "NO") -> NO
A201: 4000459982 | B201: RAIL - Preventive Maintenance Order | C201: 15/04/2022 | D201: 8021131200 | E201: 3-Medium | G201: PVM | H201: WS10 | I201: 0805 Rapid Rail StarRail (Monorail) | J201: PRAL-MRL-WS-STN-MRLMAH Station Maharajalela | K201: WES Wayside Department | N201: [{'operation_no': '0010', 'operation_text': 'Weekly Station Inspection'}] | O201: [] | P201: [] | U201: 15/04/2022 | V201: pm complete | W201: 15/08/2022 | X201: 7013 | Y201: 3PLN | Z201: PS_PM_WEK_StationInspection_4000459982.pdf | AA201: =IF(COUNTIF(Sheet1!A:A, TRIM(Z201))>0, "YES", "NO") -> NO
A202: 4000459983 | B202: RAIL - Preventive Maintenance Order | C202: 15/04/2022 | D202: 8021131200 | E202: 3-Medium | G202: PVM | H202: WS10 | I202: 0805 Rapid Rail StarRail (Monorail) | J202: PRAL-MRL-WS-STN-MRLTUN Station Tun Sambanthan | K202: WES Wayside Department | N202: [{'operation_no': '0010', 'operation_text': 'Weekly Station Inspection'}] | O202: [] | P202: [] | U202: 15.04.2022 | V202: pm complete | W202: 15/04/2022 | X202: 7013 | Y202: 3PLN | Z202: PS_PM_WEK_StationInspection_4000459983.pdf | AA202: =IF(COUNTIF(Sheet1!A:A, TRIM(Z202))>0, "YES", "NO") -> NO
A203: 4000459986 | B203: RAIL - Preventive Maintenance Order | C203: 16/04/2022 | D203: 8021131200 | E203: 3-Medium | G203: PVM | H203: WS10 | I203: 0805 Rapid Rail StarRail (Monorail) | J203: PRAL-MRL-WS-STN-MRLKLS Station KL Sentral | K203: WES Wayside Department | N203: [{'operation_no': '0010', 'operation_text': 'Weekly Station Inspection'}] | O203: [] | P203: [] | U203: 16/04/2022 | V203: pm complete | W203: 16/04/2022 | X203: 7013 | Y203: 3PLN | Z203: PS_PM_WEK_StationInspection_4000459986.pdf | AA203: =IF(COUNTIF(Sheet1!A:A, TRIM(Z203))>0, "YES", "NO") -> NO
A204: 4000459987 | B204: RAIL - Preventive Maintenance Order | C204: 16/04/2022 | D204: 8021131200 | E204: 3-Medium | G204: PVM | H204: WS10 | I204: 0805 Rapid Rail StarRail (Monorail) | J204: PRAL-MRL-WS-TPS-MRLSSZ TPSS - Sultan Sulaiman | K204: WES Wayside Department | N204: ['Weekly TPSS Inspection'] | O204: [] | P204: [] | U204: 16/04/2022 | V204: pm Complete | W204: 16/04/2022 | X204: 7013 | Y204: 3PLN | Z204: PS_PM_WEK_TPSS_4000459987.pdf | AA204: =IF(COUNTIF(Sheet1!A:A, TRIM(Z204))>0, "YES", "NO") -> NO
A205: 4000459988 | B205: RAIL - Preventive Maintenance Order | C205: 17/04/2022 | D205: 8021131200 | E205: 3-Medium | G205: PVM | H205: WS10 | I205: 0805 Rapid Rail StarRail (Monorail) | J205: PRAL-MRL-WS-BLD-MRLWSP Workshop | K205: WES Wayside Department | N205: [{'operation_no': '0010', 'operation_text': 'Weekly Station Inspection'}] | O205: [] | P205: [{'staff_id': '', 'name': '', 'plan_start_date_time': '', 'plan_end_date_time': '', 'total_hours': ''}] | U205: 17/04/2022 | V205: Pm complete | W205: 17/04/2022 | X205: 7091 | Y205: 3PLN | Z205: PS_PM_WEK_StationInspection_4000459988.pdf | AA205: =IF(COUNTIF(Sheet1!A:A, TRIM(Z205))>0, "YES", "NO") -> NO
A206: 4000459989 | B206: RAIL - Preventive Maintenance Order | C206: 17/04/2022 | D206: 8021131200 | E206: 3-Medium | G206: PVM | H206: WS10 | I206: 0805 Rapid Rail StarRail (Monorail) | J206: PRAL-MRL-WS-TPS-MRLBFZ TPSS - Brickfields | K206: WES Wayside Department | N206: ['Weekly TPSS Inspection'] | O206: [] | P206: [{'staff_id': 'myn as', 'name': '', 'plan_start_date': '', 'plan_start_time': '', 'plan_end_date': '', 'plan_end_time': '', 'duration_(hours)': ''}] | U206: 17/04/2022 | V206: pm complete | W206: 17/04/2022 | X206: 7091 | Y206: 3PLN | Z206: PS_PM_WEK_TPSS_4000459989.pdf | AA206: =IF(COUNTIF(Sheet1!A:A, TRIM(Z206))>0, "YES", "NO") -> NO
A207: 4000459990 | B207: RAIL - Preventive Maintenance Order | C207: 18/04/2022 | D207: 8021131200 | E207: 3-Medium | G207: PVM | H207: WS10 | I207: 0805 Rapid Rail StarRail (Monorail) | J207: PRAL-MRL-WS-STN-MRLCIT Station Chow Kit | K207: WES Wayside Department | N207: [{'operation_no': '0010', 'operation_text': 'Weekly Station Inspection'}] | O207: [] | P207: [{'staff_id': '', 'name': 'At, mi', 'plan_start_date_time': '', 'plan_end_date_time': '', 'total_hours': ''}] | U207: 18/04/2022 | V207: pm complete | W207: 18/04/22 | X207: 7099 | Y207: 3PLN | Z207: PS_PM_WEK_StationInspection_4000459990.pdf | AA207: =IF(COUNTIF(Sheet1!A:A, TRIM(Z207))>0, "YES", "NO") -> NO
A208: 4000459991 | B208: RAIL - Preventive Maintenance Order | C208: 18/04/2022 | D208: 8021131200 | E208: 3-Medium | G208: PVM | H208: WS10 | I208: 0805 Rapid Rail StarRail (Monorail) | J208: PRAL-MRL-WS-STN-MRLTSA Station Titiwangsa | K208: WES Wayside Department | N208: [{'operation_no': '0010', 'operation_text': 'Weekly Station Inspection'}] | O208: [] | P208: [{'staff_id': '', 'name': 'Atan', 'plan_start_date_time': '', 'plan_end_date_time': '', 'total_hours': ''}] | U208: 18/04/2022 | V208: pm Complete | W208: 18/04/2022 | X208: 7099 | Y208: 3PLN | Z208: PS_PM_WEK_StationInspection_4000459991.pdf | AA208: =IF(COUNTIF(Sheet1!A:A, TRIM(Z208))>0, "YES", "NO") -> NO
A209: 4000459992 | B209: RAIL - Preventive Maintenance Order | C209: 19/04/2022 | D209: 8021131200 | E209: 3-Medium | G209: PVM | H209: WS10 | I209: 0805 Rapid Rail StarRail (Monorail) | J209: PRAL-MRL-WS-STN-MRLBAS Station Bukit Nanas | K209: WES Wayside Department | N209: [{'operation_no': '0010', 'operation_text': 'Weekly Station Inspection'}] | O209: [{'item_no': '', 'material_no': '', 'description': '', 'required_quantity': '', 'unit_of_measurement': ''}] | P209: [{'staff_id': '', 'name': 'AT', 'plan_start_date_time': '', 'plan_end_date_time': '', 'total_hours': ''}] | U209: 19/04/2022 | V209: pm complete | W209: 19/04/2022 | X209: 7099 | Y209: 3PLN | Z209: PS_PM_WEK_StationInspection_4000459992.pdf | AA209: =IF(COUNTIF(Sheet1!A:A, TRIM(Z209))>0, "YES", "NO") -> NO
A210: 4000459993 | B210: RAIL - Preventive Maintenance Order | C210: 19/04/2022 | D210: 8021131200 | E210: 3-Medium | G210: PVM | H210: WS10 | I210: 0805 Rapid Rail StarRail (Monorail) | J210: PRAL-MRL-WS-STN-MRLMKU Station Medan Tuanku | K210: WES Wayside Department | N210: [{'operation_no': '0010', 'operation_text': 'Weekly Station Inspection'}] | O210: [{'item_no': '', 'material_no': '', 'description': '', 'required_quantity': '', 'unit_of_measurement': ''}] | P210: [{'staff_id': '', 'name': 'AT', 'plan_start_date_time': '', 'plan_end_date_time': '', 'total_hours': ''}] | U210: 19/04/2022 | V210: pm complete | W210: 19/04/22 | X210: 7099 | Y210: 3PLN | Z210: PS_PM_WEK_StationInspection_4000459993.pdf | AA210: =IF(COUNTIF(Sheet1!A:A, TRIM(Z210))>0, "YES", "NO") -> NO
A211: 4000461738 | B211: RAIL - Preventive Maintenance Order | C211: 20/04/2022 | D211: 8021131200 | E211: 3-Medium | G211: PVM | H211: WS10 | I211: 0805 Rapid Rail StarRail (Monorail) | J211: PRAL-MRL-WS-STN-MRLBNG Station Bukit Bintang | K211: WES Wayside Department | N211: [{'operation_no': '0010', 'operation_text': 'Weekly Station Inspection'}] | O211: [] | P211: [{'staff_id': '', 'name': 'At/MI', 'plan_start_date_time': '', 'plan_end_date_time': '', 'total_hours': ''}] | U211: 20/04/2022 | V211: PM complete | W211: 20/04/2022 | X211: 7099 | Y211: 3PLN | Z211: PS_PM_WEK_StationInspection_4000461738.pdf | AA211: =IF(COUNTIF(Sheet1!A:A, TRIM(Z211))>0, "YES", "NO") -> NO
A212: 4000461739 | B212: RAIL - Preventive Maintenance Order | C212: 20/04/2022 | D212: 8021131200 | E212: 3-Medium | G212: PVM | H212: WS10 | I212: 0805 Rapid Rail StarRail (Monorail) | J212: PRAL-MRL-WS-STN-MRLRAN Station Raja Chulan | K212: WES Wayside Department | N212: [{'operation_no': '0010', 'operation_text': 'Weekly Station Inspection'}] | O212: [] | P212: [{'staff_id': '', 'name': 'At mi', 'plan_start_date_time': '', 'plan_end_date_time': '', 'total_hours': ''}] | U212: 20/04/2022 | V212: PM complete | W212: 20/04/2022 | X212: 7099 | Y212: 3PLN | Z212: PS_PM_WEK_StationInspection_4000461739.pdf | AA212: =IF(COUNTIF(Sheet1!A:A, TRIM(Z212))>0, "YES", "NO") -> NO
A213: 4000461740 | B213: RAIL - Preventive Maintenance Order | C213: 21/04/2022 | D213: 8021131200 | E213: 3-Medium | G213: PVM | H213: WS10 | I213: 0805 Rapid Rail StarRail (Monorail) | J213: PRAL-MRL-WS-STN-MRLHAH Station Hang Tuah | K213: WES Wayside Department | N213: [{'operation_no': '0010', 'operation_text': 'Weekly Station Inspection'}] | O213: [] | P213: [{'staff_id': '', 'name': 'MM MI', 'plan_start_date_time': '', 'plan_end_date_time': '', 'total_hours': ''}] | U213: 21/04/2022 | V213: Pm complete | W213: 21/04/2022 | X213: 7094 | Y213: 3PLN | Z213: PS_PM_WEK_StationInspection_4000461740.pdf | AA213: =IF(COUNTIF(Sheet1!A:A, TRIM(Z213))>0, "YES", "NO") -> NO
A214: 4000461741 | B214: RAIL - Preventive Maintenance Order | C214: 21/04/2022 | D214: 8021131200 | E214: 3-Medium | G214: PVM | H214: WS10 | I214: 0805 Rapid Rail StarRail (Monorail) | J214: PRAL-MRL-WS-STN-MRLIBI Station Imbi | K214: WES Wayside Department | N214: [{'operation_no': '0010', 'operation_text': 'Weekly Station Inspection'}] | O214: [] | P214: [{'staff_id': '', 'name': 'mi mi', 'plan_start_date_time': '', 'plan_end_date_time': '', 'total_hours': ''}] | U214: 21/04/2022 | V214: Pm complete | W214: 21/04/2022 | X214: 7091 | Y214: 3PLN | Z214: PS_PM_WEK_StationInspection_4000461741.pdf | AA214: =IF(COUNTIF(Sheet1!A:A, TRIM(Z214))>0, "YES", "NO") -> NO
A215: 4000461742 | B215: RAIL - Preventive Maintenance Order | C215: 21/04/2022 | D215: 8021131200 | E215: 3-Medium | G215: PVM | H215: WS10 | I215: 0805 Rapid Rail StarRail (Monorail) | J215: PRAL-MRL-WS-TPS-MRLMTZ TPSS - Medan Tuanku | K215: WES Wayside Department | N215: ['Weekly TPSS Inspection'] | O215: [] | P215: [{'Staff ID/Name': 'My mi', 'Plan Start Date': '', 'Plan Start Time': '', 'Plan End Date': '', 'Plan End Time': '', 'Duration (Hours)': ''}] | U215: 21/04/2022 | V215: Pm complite | W215: 21/04/2022 | X215: 7094 | Y215: 3PLN | Z215: PS_PM_WEK_TPSS_4000461742.pdf | AA215: =IF(COUNTIF(Sheet1!A:A, TRIM(Z215))>0, "YES", "NO") -> NO
A216: 4000461743 | B216: RAIL - Preventive Maintenance Order | C216: 22/04/2022 | D216: 8021131200 | E216: 3-Medium | G216: PVM | H216: WS10 | I216: 0805 Rapid Rail StarRail (Monorail) | J216: PRAL-MRL-WS-STN-MRLMAH Station Maharajalela | K216: WES Wayside Department | N216: [{'operation_no': '0010', 'operation_text': 'Weekly Station Inspection'}] | O216: [] | P216: [{'staff_id': 'im NS', 'name': '', 'plan_start_date_time': '', 'plan_end_date_time': '', 'total_hours': ''}] | U216: 22/04/2022 | V216: Pm complete | W216: 22/04/2022 | X216: 7091 | Y216: 3PLN | Z216: PS_PM_WEK_StationInspection_4000461743.pdf | AA216: =IF(COUNTIF(Sheet1!A:A, TRIM(Z216))>0, "YES", "NO") -> NO
... A227: 4000462383 | B227: RAIL - Preventive Maintenance Order | C227: 27/04/2022 | D227: 8021131200 | E227: 3-Medium | G227: PVM | H227: WS10 | I227: 0805 Rapid Rail StarRail (Monorail) | J227: PRAL-MRL-WS-STN-MRLRAN Station Raja Chulan | K227: WES Wayside Department | N227: [{'operation_no': '0010', 'operation_text': 'Weekly Station Inspection'}] | O227: [] | P227: [] | U227: 27/04/2022 | V227: pm complete | W227: 27/04/2022 | X227: 7013 | Y227: 3PLN | Z227: PS_PM_WEK_StationInspection_4000462383.pdf | AA227: =IF(COUNTIF(Sheet1!A:A, TRIM(Z227))>0, "YES", "NO") -> NO
...

Sheet Sheet1
A1: PS_PM_WEK_TPSS_4000575043.pdf
A2: PS_PM_WEK_TPSS_4000581527.pdf
A3: PS_PM_WEK_TPSS_4000581545.pdf
A4: PS_PM_WEK_TPSS_4000581563.pdf
A5: PS_PM_WEK_TPSS_4000581581.pdf
A6: PS_PM_WEK_TPSS_4000584004.pdf
A7: PS_PM_WEK_TPSS_4000584023.pdf
A8: PS_PM_WEK_TPSS_4000590401.pdf
A9: PS_PM_WEK_TPSS_4000590438.pdf
A10: PS_PM_WEK_TPSS_4000590473.pdf
A11: PS_PM_WEK_TPSS_4000593547.pdf
A12: PS_PM_WEK_TPSS_4000599617.pdf
... A70: PS_PM_YRL_TPSS_4000590453.pdf
